Country Name,Country Code,Indicator Name,Indicator Code,2000,2001,2002,2003,2004,2005,2006,2007,2008,2009,2010,2011,2012,2013,2014,2015,2016,2017,2018,2019,2020,2021,2022
Aruba,ABW,Exports of goods and services (% of GDP),NE.EXP.GNFS.ZS,74.39665971,70.98963181,64.55879841,62.73052747,64.66791378,68.08224432,64.5928523,65.06096391,65.52947534,62.92255524,60.21734973,69.74758577,73.10702841,76.54597583,78.26955564,72.8474736,71.81649504,72.55456188,72.25264888,73.23471643,51.64501602,68.91293221,
Africa Eastern and Southern,AFE,Exports of goods and services (% of GDP),NE.EXP.GNFS.ZS,25.92738393,26.98970201,28.17580793,25.98049566,26.09117207,27.92094279,29.81780732,32.16993294,35.69877096,27.23799961,29.23089711,30.81492359,29.24214115,28.74583533,28.0329055,23.40594266,22.01279881,22.29791715,25.36283223,23.89063003,22.16185371,25.80402958,26.13745763
Afghanistan,AFG,Exports of goods and services (% of GDP),NE.EXP.GNFS.ZS,,,,,,,,,,,,,,,,,,,,,,,
Africa Western and Central,AFW,Exports of goods and services (% of GDP),NE.EXP.GNFS.ZS,36.09579997,30.6999621,27.94226952,29.27954512,26.27205351,27.02239503,31.55094622,26.48640316,29.87169983,24.19850949,29.39236121,34.13759616,33.93694069,23.54290678,23.24210135,17.3663579,16.90414041,20.86401775,22.32301471,21.43010337,15.44474609,19.17001896,
Angola,AGO,Exports of goods and services (% of GDP),NE.EXP.GNFS.ZS,89.68583119,75.38894373,57.0849959,54.32133881,58.38035832,65.52626777,63.4678635,67.90578337,72.4750288,58.7573003,61.54311589,60.66994752,55.94013063,50.74708579,44.69502946,29.75459795,28.12448545,29.004102,40.83628983,40.79075505,38.03827416,45.43432047,
Albania,ALB,Exports of goods and services (% of GDP),NE.EXP.GNFS.ZS,20.11528555,21.33341083,20.94561617,20.84738645,22.21756076,23.01299115,25.20960773,28.24786542,25.30241812,25.24074861,27.97943524,29.24153714,28.93748776,28.91631514,28.21300146,27.26739115,28.97789918,31.56979831,31.57195441,31.30426989,22.65778961,31.30916076,37.46343543
Andorra,AND,Exports of goods and services (% of GDP),NE.EXP.GNFS.ZS,,,,,,,,,,,,,,,,,,,,,,,
Arab World,ARB,Exports of goods and services (% of GDP),NE.EXP.GNFS.ZS,,38.13204588,39.53602367,42.0265248,47.25583936,51.66001866,53.0327953,52.99685117,55.77954324,45.05133815,47.70001201,53.18034635,54.42444154,52.74910385,48.97153349,41.0715583,37.71303085,41.64848985,45.33082316,43.50797074,36.95118482,,
United Arab Emirates,ARE,Exports of goods and services (% of GDP),NE.EXP.GNFS.ZS,,49.15922533,49.50334738,55.92319922,63.56772981,67.58531139,68.62779767,72.3840975,78.8678887,79.65331786,82.24238564,90.07656425,97.63496338,98.00758609,96.92379674,97.56318807,97.66312109,98.34239221,91.99477687,96.66416875,95.92659859,,
Argentina,ARG,Exports of goods and services (% of GDP),NE.EXP.GNFS.ZS,10.98637523,11.57900808,28.382597,25.93094293,23.84761942,23.24587673,23.0266946,22.66275031,22.06090038,19.56098506,18.93382341,18.44920915,16.23785946,14.61717339,14.40547859,10.70565205,12.52709517,11.32028336,14.43668575,17.92487838,16.6108724,18.03422899,16.77803682
Armenia,ARM,Exports of goods and services (% of GDP),NE.EXP.GNFS.ZS,22.16141881,24.1458544,27.83210837,30.48299789,28.19074382,27.31319795,22.14598144,18.18935698,14.26572957,14.67090075,19.74841532,22.52318826,27.56181148,28.35348514,28.56038166,29.72539121,33.74427986,38.21604566,39.39289403,41.35080136,29.76498692,35.33597954,47.68023771
American Samoa,ASM,Exports of goods and services (% of GDP),NE.EXP.GNFS.ZS,,,101.171875,97.90076336,90.37328094,99.6,100.4056795,97.49034749,114.4642857,78.51851852,63.52530541,58.77192982,75.46875,71.78683386,66.718507,63.59583952,63.93442623,59.1503268,68.23161189,61.66924266,59.4972067,47.10860367,
Antigua and Barbuda,ATG,Exports of goods and services (% of GDP),NE.EXP.GNFS.ZS,98.60164934,97.09434137,91.6942192,94.27964727,101.3260741,93.02679218,82.64095288,77.28138357,79.66338577,79.79822041,79.58755308,82.4971839,79.01575994,80.59161544,82.20123997,76.03620877,72.61045999,67.74232745,64.57206292,71.39790741,42.2829342,,
Australia,AUS,Exports of goods and services (% of GDP),NE.EXP.GNFS.ZS,19.40527969,22.16818316,20.73795623,19.06704174,17.17178852,18.23453984,19.86707431,20.19720955,20.15701101,23.01363477,19.79928176,21.43741941,21.49934408,19.98570776,21.09637388,20.068071,19.27225801,21.23118349,21.87340412,24.15153911,24.00828302,22.07516851,25.81216266
Austria,AUT,Exports of goods and services (% of GDP),NE.EXP.GNFS.ZS,43.34627395,44.61755552,45.3193862,44.57041472,46.86721497,48.6197522,50.84166886,52.56086942,53.24886062,45.20741656,51.26216033,53.94867085,53.9736762,53.4412933,53.38657905,53.08906056,52.40639365,54.05115314,55.46221912,55.75720636,51.61281493,55.90030862,60.78912067
Azerbaijan,AZE,Exports of goods and services (% of GDP),NE.EXP.GNFS.ZS,40.17083148,41.49860787,42.76783505,42.00657665,48.78900846,62.94110601,66.50414484,68.12891169,65.77613785,51.63574568,54.30472154,56.42698053,52.97468019,48.41583308,43.27355666,37.79477749,46.42764939,48.54786473,54.09229386,49.0506275,35.62355587,46.48874717,60.05269537
Burundi,BDI,Exports of goods and services (% of GDP),NE.EXP.GNFS.ZS,6.318970594,5.179202165,4.685804181,6.381414025,6.952748287,6.200000166,7.3,6.800000136,10.50000026,6.600000274,9.700001639,8.800000284,9.69609532,9.095256069,8.696021194,6.417273565,6.38452219,6.026574329,5.685654314,5.172039999,4.54932,5.00029,4.97109857
Belgium,BEL,Exports of goods and services (% of GDP),NE.EXP.GNFS.ZS,72.54739516,71.61195892,70.8312977,69.03650851,70.90627745,74.28282892,76.80499706,78.3018047,80.88061998,68.83400371,75.85006448,80.69736291,80.40449051,79.3243484,79.80100907,77.80528215,79.42961547,83.18241025,83.07962947,82.39719928,79.44654886,86.8267422,95.32847204
Benin,BEN,Exports of goods and services (% of GDP),NE.EXP.GNFS.ZS,20.60530255,19.86857881,19.72661078,18.64429725,18.51354757,18.48363998,18.05792571,22.04285312,22.14072027,19.92796684,23.07204807,20.8496515,23.89673687,27.57056532,31.43084112,24.72045121,27.60678807,27.20559478,27.27423062,29.63052719,19.87247043,20.91880618,21.65320955
Burkina Faso,BFA,Exports of goods and services (% of GDP),NE.EXP.GNFS.ZS,8.844717485,9.044082767,8.865365632,9.220431658,10.8815873,9.841847478,10.9568635,10.34854222,10.14932705,13.78897086,20.51584886,26.19550052,26.59808542,27.07698545,26.93200415,26.10764554,25.9159648,26.45238564,28.07890614,27.61611212,,,
Bangladesh,BGD,Exports of goods and services (% of GDP),NE.EXP.GNFS.ZS,12.34420123,13.38655921,12.40996893,11.4311487,11.14650895,14.3928419,16.35346357,16.99533485,17.65885848,16.94013291,16.02411269,19.92207496,20.16158886,19.53787411,18.98966,17.33667379,13.92120448,12.81974689,12.67478794,13.094756,10.44278806,10.6627789,12.88222643
Bulgaria,BGR,Exports of goods and services (% of GDP),NE.EXP.GNFS.ZS,36.21885676,34.88131742,33.64730372,34.41694588,40.95664027,42.52956575,46.97787863,52.35503435,52.47765905,42.21885009,50.10763622,58.80294825,60.35373924,64.58169578,64.60088717,63.8000874,63.87048055,66.99459564,65.69585291,63.93391746,56.12090076,61.32618308,68.54349484
Bahrain,BHR,Exports of goods and services (% of GDP),NE.EXP.GNFS.ZS,79.18066703,73.61076132,72.5085663,72.063072,78.60514596,83.89404821,84.63894426,79.67952923,82.57734838,68.46559387,69.53731774,99.41866913,102.1455248,104.8048033,96.05075125,83.10720991,74.20082753,75.77968142,79.25252192,76.48596076,72.92860713,89.6476409,
"Bahamas, The",BHS,Exports of goods and services (% of GDP),NE.EXP.GNFS.ZS,38.04756286,34.07258864,36.17545456,35.81023417,38.2152311,38.75988695,38.30927734,40.09195411,39.49363481,34.19067999,34.95328732,37.43526853,38.12695303,39.78869239,37.70993459,36.35857413,33.21475985,32.38503285,35.92890561,35.53646228,24.64375782,28.78482945,37.52926947
Bosnia and Herzegovina,BIH,Exports of goods and services (% of GDP),NE.EXP.GNFS.ZS,21.88381875,22.06871965,19.12601216,20.58798523,22.5362424,24.31642289,26.2583452,27.10155544,26.84806892,25.00937879,29.69554219,32.03597181,32.35054144,33.74304682,33.98912011,35.11487575,35.90870954,40.32441116,41.98456356,40.04007111,34.18149214,42.15263082,46.24659922
Belarus,BLR,Exports of goods and services (% of GDP),NE.EXP.GNFS.ZS,69.21082134,66.74760674,63.62751594,65.15637991,67.88633336,59.79780872,60.06131177,60.94305272,60.93775522,48.87646182,51.37288535,78.46536152,78.77690728,58.33357811,54.94111369,58.01023245,62.50934712,66.78991565,70.45454545,65.09440964,61.01214926,70.83203772,63.70823623
Belize,BLZ,Exports of goods and services (% of GDP),NE.EXP.GNFS.ZS,43.72759857,42.21840069,43.99837794,44.91525424,42.60525369,46.11700308,52.11891208,50.88443396,54.13533835,45.64117822,50.93471383,57.10359989,59.77404099,56.17147081,55.49579046,51.16489482,46.91166704,49.36570429,51.07991361,51.25181047,37.04326923,46.47802529,49.61740234
Bermuda,BMU,Exports of goods and services (% of GDP),NE.EXP.GNFS.ZS,,,,,,,,,,,50.79499274,52.53924198,50.51254369,51.61319109,51.16124321,49.97083946,49.33005658,48.53814925,51.47915638,51.7434244,47.13613634,50.04209227,52.31838951
Bolivia,BOL,Exports of goods and services (% of GDP),NE.EXP.GNFS.ZS,18.27474497,19.97214923,21.63445508,25.60073445,31.13839052,35.54814293,41.77171427,41.79565675,44.90655599,35.72262483,41.18745614,44.09170185,47.16619662,44.09247953,43.29308799,30.86829603,24.48800554,24.90414437,25.98879506,24.96726228,20.27258979,27.82390202,
Brazil,BRA,Exports of goods and services (% of GDP),NE.EXP.GNFS.ZS,10.188048,12.37171067,14.23059027,15.18078371,16.54576151,15.24382927,14.3743163,13.3276751,13.53400051,10.85137113,10.86558477,11.58251268,11.87753907,11.74223064,11.01194282,12.90019142,12.46667904,12.51896787,14.6349995,14.12291919,16.453552,19.56167634,20.04553801
Barbados,BRB,Exports of goods and services (% of GDP),NE.EXP.GNFS.ZS,43.23582285,40.9723359,38.9859971,42.95840474,41.68674699,44.81476633,45.96852677,43.72907022,43.68615927,42.65777403,38.92556092,37.93181632,39.28768512,40.92577253,40.01516626,40.05119001,36.53550648,35.75309376,35.52480663,36.48213363,29.74121324,30.37491226,
Brunei Darussalam,BRN,Exports of goods and services (% of GDP),NE.EXP.GNFS.ZS,67.35433192,69.52530593,67.12183029,69.28925184,68.79904697,70.16844716,71.72469796,67.85275077,78.29923669,72.78317629,67.40746923,69.50607218,70.16126866,68.04187464,68.17708045,52.21059737,49.57690627,49.5732417,51.93227638,57.94604054,57.35611142,80.16891086,86.38935692
Bhutan,BTN,Exports of goods and services (% of GDP),NE.EXP.GNFS.ZS,30.39421022,27.13587347,24.6140542,26.28915184,31.94388273,39.30234047,55.83384468,56.275756,50.00319473,45.8156747,43.48069242,42.20491528,39.64735231,41.43022537,37.45195066,34.4356494,29.61697448,30.08318938,30.81770601,33.93906381,29.66396518,31.82539726,
Botswana,BWA,Exports of goods and services (% of GDP),NE.EXP.GNFS.ZS,51.83181007,48.65760824,52.15742678,48.82685783,49.61378778,52.92355354,51.78082676,56.47996293,46.94690466,35.83366186,42.14433151,44.23639792,48.11502383,61.37976175,61.28296789,53.09089734,54.61135476,42.92004249,44.22814392,37.08781767,31.29028367,41.94188965,43.47691933
Central African Republic,CAF,Exports of goods and services (% of GDP),NE.EXP.GNFS.ZS,20.37221359,17.15725384,15.96270494,18.23600384,13.99791751,13.36275333,14.31600515,14.11532742,11.0036647,9.841649902,11.62580107,13.1278201,11.550133,14.97295479,16.67578759,17.06766062,14.82187966,17.25977376,15.94003,15.75538,15.17248,14.18648,13.26735595
Canada,CAN,Exports of goods and services (% of GDP),NE.EXP.GNFS.ZS,44.20923582,42.03995509,40.05865859,36.8659852,37.32777131,36.85670732,35.40245922,34.22955516,34.39500555,28.51583432,29.16738193,30.67839192,30.35302552,30.33193867,31.73657587,31.84996096,31.50257241,31.45441015,32.32540373,32.35269582,29.68084533,30.91398771,33.71848743
Central Europe and the Baltics,CEB,Exports of goods and services (% of GDP),NE.EXP.GNFS.ZS,38.57415376,39.07820305,39.11415164,41.64703571,45.30247455,46.58034891,50.09523969,50.56934326,49.72950886,46.61193631,52.1952649,56.55212632,58.69716846,60.29389495,61.28709748,61.3849589,62.55069986,63.69340531,63.30775341,62.23332242,59.21813915,63.84920761,68.32856009
Switzerland,CHE,Exports of goods and services (% of GDP),NE.EXP.GNFS.ZS,51.43772288,50.20269648,48.55964116,47.72071843,51.2999853,53.85417403,56.60918522,61.55281455,63.12931869,58.00966904,64.83762801,66.44992365,67.77737305,72.06821362,65.33727012,63.82895575,66.81772593,66.34849029,67.4781861,66.96539368,64.30703188,71.37129447,74.97470842
Channel Islands,CHI,Exports of goods and services (% of GDP),NE.EXP.GNFS.ZS,,,,,,,,,,,,,,,,,,,,,,,
Chile,CHL,Exports of goods and services (% of GDP),NE.EXP.GNFS.ZS,30.12375388,31.84731127,32.25722035,35.06097453,39.68574951,40.17557201,43.8656742,45.1298519,41.16256079,37.1156348,37.90399432,37.68978027,33.8455905,32.08746359,33.00390297,29.19107949,27.92315811,28.33137683,28.52904474,27.8432682,31.30376959,31.97966769,35.67072536
China,CHN,Exports of goods and services (% of GDP),NE.EXP.GNFS.ZS,20.8936972,20.31214574,22.64474567,26.98075653,31.06133758,33.82985757,36.03502555,35.43479853,32.60271402,24.74985594,27.18533272,26.56818935,25.49252222,24.59925444,23.51006091,21.35407988,19.58438005,19.69227699,19.11210354,18.40999232,18.58613924,19.94397346,20.67700251
Cote d'Ivoire,CIV,Exports of goods and services (% of GDP),NE.EXP.GNFS.ZS,27.79005856,27.46981463,31.36116144,28.74101341,30.14128887,31.87898022,32.84093023,30.49095272,31.01366907,35.41274131,33.49957459,35.28137635,34.9824904,29.16040266,28.15695877,27.35324379,24.94186245,25.4987866,22.69419992,23.02345573,21.00849865,22.5897744,24.84382751
Cameroon,CMR,Exports of goods and services (% of GDP),NE.EXP.GNFS.ZS,24.85681273,25.26121725,22.98615837,19.43691146,20.54757371,22.2454564,24.17909406,26.9786418,27.00836547,19.58241528,22.3688903,24.22968662,23.87672384,23.63910867,23.60997553,20.98914963,18.94997876,18.35109858,18.73625347,19.85009075,15.23584351,16.70784962,19.41231244
"Congo, Dem. Rep.",COD,Exports of goods and services (% of GDP),NE.EXP.GNFS.ZS,11.44961203,11.98768483,15.67134281,24.00044304,22.72951351,22.94418278,21.70009853,39.07191379,39.02779926,26.81378781,41.11115415,39.51561667,30.80300902,36.44586131,36.83218885,27.7255678,23.9564422,35.25052218,32.55352826,25.8676651,28.60495153,40.38582957,48.02272279
"Congo, Rep.",COG,Exports of goods and services (% of GDP),NE.EXP.GNFS.ZS,80.29714722,77.42002685,81.51642548,80.8123656,80.52979283,75.00508375,77.46412946,68.48539072,73.40291853,64.47991211,68.52809153,73.61173274,58.08202782,52.93434058,53.15266193,42.728167,44.99946349,58.06454759,71.02956895,73.79228775,57.0127051,58.45759267,71.42251809
Colombia,COL,Exports of goods and services (% of GDP),NE.EXP.GNFS.ZS,15.91513972,15.38713577,14.81556968,16.57529971,16.77075142,16.97104374,17.72858775,16.43314213,18.10959514,16.42449569,16.34084476,19.27650507,18.81120528,18.08643972,16.63474911,15.65021151,14.71713928,15.14528975,15.89971968,15.86803865,13.53215561,16.32829834,20.4823651
Comoros,COM,Exports of goods and services (% of GDP),NE.EXP.GNFS.ZS,8.836314059,8.836260798,8.836176751,8.836129879,8.836027179,8.836281081,8.836179333,8.975341967,8.221347229,9.311938672,9.638904635,9.956415447,8.945869239,9.048387214,9.676472177,10.13619831,10.67289558,11.90131645,12.90902299,12.77346063,5.671752108,10.80732162,12.71607965
Cabo Verde,CPV,Exports of goods and services (% of GDP),NE.EXP.GNFS.ZS,27.00721854,29.80941288,32.54495671,31.36435117,32.00417307,37.77736046,45.13220526,33.7458981,34.34045375,29.03782963,30.28382268,32.87426103,37.46345323,37.51683857,37.24829248,41.13545234,41.47294872,42.06880358,45.86599346,46.75111439,23.84308702,22.9994639,38.48922332
Costa Rica,CRI,Exports of goods and services (% of GDP),NE.EXP.GNFS.ZS,42.93032218,40.5085725,39.22453521,40.67171292,42.20765346,43.46452236,43.31403511,40.58213751,38.80646065,34.63230503,32.82941135,32.47247088,31.65131734,30.59164936,31.36291528,29.99565786,31.2600963,32.76268315,33.73851078,34.32532156,31.90649766,36.76877246,41.16154693
Caribbean small states,CSS,Exports of goods and services (% of GDP),NE.EXP.GNFS.ZS,,,,,,,,,,,,,,,,,,,,,,,
Cuba,CUB,Exports of goods and services (% of GDP),NE.EXP.GNFS.ZS,14.13002938,13.23447719,11.52706867,12.95193475,16.02177839,21.01804345,18.71345473,20.33635987,20.56760566,17.45972938,22.57026489,25.10363821,25.5109993,24.10043034,22.08391192,17.14734945,14.98303601,14.55121785,14.52273863,12.21332715,8.168455175,34.89362693,
Curacao,CUW,Exports of goods and services (% of GDP),NE.EXP.GNFS.ZS,,,,,,59.49628496,63.39065248,60.85344206,69.4667582,60.68401394,55.53953322,72.07397673,79.87772216,73.23348341,74.93356791,67.51491784,61.96723742,58.64674216,,,,,
Cayman Islands,CYM,Exports of goods and services (% of GDP),NE.EXP.GNFS.ZS,,,,,,,,,,,,,,,,,,74.02181724,71.58784905,69.47102566,59.7194818,,
Cyprus,CYP,Exports of goods and services (% of GDP),NE.EXP.GNFS.ZS,69.96284373,68.20886702,62.40531203,57.76214593,56.88979898,55.69211026,53.43572738,53.25889801,50.08160098,48.72214083,50.33452585,53.45408858,55.27838094,61.29659043,65.95170487,70.01730313,70.48405223,73.83648406,74.96730233,76.49313137,81.38877749,86.61696238,91.52126903
Czechia,CZE,Exports of goods and services (% of GDP),NE.EXP.GNFS.ZS,48.09098982,48.85651186,45.0041286,46.72804779,57.05783989,61.81322686,64.87542344,66.10076919,62.95164809,58.34542981,65.54300541,70.82186719,75.64618657,76.05838162,81.95427457,80.55877811,79.10707663,79.0271395,76.94357596,73.87978033,69.94877154,72.7282341,74.83928495
Germany,DEU,Exports of goods and services (% of GDP),NE.EXP.GNFS.ZS,30.84771157,31.84470712,32.59257911,32.81171295,35.71336386,38.05957235,41.43290791,43.3227581,43.79919026,38.11990694,42.56547341,45.05713628,46.30712014,45.41867786,45.61926331,46.92073836,46.07326285,47.16304068,47.30885914,46.66961299,43.01312903,47.03055459,50.33785444
Djibouti,DJI,Exports of goods and services (% of GDP),NE.EXP.GNFS.ZS,,,,,,,,,,,,,,156.5383009,158.3743113,145.4213075,103.7640251,150.0983615,156.619875,166.7177464,115.7748182,,
Dominica,DMA,Exports of goods and services (% of GDP),NE.EXP.GNFS.ZS,,,,,,,37.0093387,35.08626979,34.20714407,30.25141992,35.56808892,37.57771092,32.58522013,38.82562807,52.43706214,47.32429674,44.63112699,40.87587612,29.19325981,,,,
Denmark,DNK,Exports of goods and services (% of GDP),NE.EXP.GNFS.ZS,44.84726556,45.55449395,45.70447919,43.83840887,43.92843496,47.45212552,50.73004702,51.48253505,54.17579741,47.12607346,50.52292764,53.82014893,54.63049402,54.82881899,54.61313944,55.4181744,53.42598052,55.07737678,56.55980449,58.64718222,54.92962126,59.65853968,69.3139816
Dominican Republic,DOM,Exports of goods and services (% of GDP),NE.EXP.GNFS.ZS,35.49782514,31.89062009,30.72401016,42.15299816,41.14747664,28.33113815,28.22491627,26.76202201,23.90673649,21.0309281,22.67575221,24.18697531,24.58317787,25.16715873,25.15139056,23.7615823,23.90937952,23.68214534,23.55143131,23.06928204,18.29569716,21.75270208,22.06273154
Algeria,DZA,Exports of goods and services (% of GDP),NE.EXP.GNFS.ZS,42.06971772,36.68930544,35.50453671,38.24882942,40.0532239,47.20519509,48.81068655,47.06816484,47.973343,35.37165186,38.44454735,38.78811864,36.89054781,33.20989789,30.48765721,23.17177801,20.87248521,22.63223229,25.86115082,22.71440421,17.46983973,26.73438736,31.67691436
East Asia & Pacific (excluding high income),EAP,Exports of goods and services (% of GDP),NE.EXP.GNFS.ZS,33.25151638,30.97007938,31.77598599,34.65300575,38.3326071,40.52859819,41.6192931,40.37472497,37.55877137,29.32416396,31.23257795,30.7778897,29.35478704,28.32788023,27.33763378,25.01804985,23.40354269,23.82592961,23.34231231,22.45354795,21.94133955,23.44388743,24.71401548
Early-demographic dividend,EAR,Exports of goods and services (% of GDP),NE.EXP.GNFS.ZS,25.11930708,24.05632451,25.88765608,26.45496114,28.38253984,30.00827339,30.87125378,30.15954511,31.58642775,26.09753987,27.6166713,29.04866257,28.60308979,28.12017331,26.44854866,23.58871808,22.6728556,23.60480426,25.82714888,24.881657,22.67623333,25.96154655,28.18764988
East Asia & Pacific,EAS,Exports of goods and services (% of GDP),NE.EXP.GNFS.ZS,23.62740921,23.47067087,24.82390503,26.38934881,29.25910829,31.63204547,34.75772252,36.27050419,35.91929961,29.26339542,32.06070633,32.58804423,31.81588601,32.37803237,32.28803801,30.2031245,28.15096796,29.18400015,29.11396221,27.9442839,26.68369013,29.09116448,31.50233317
Europe & Central Asia (excluding high income),ECA,Exports of goods and services (% of GDP),NE.EXP.GNFS.ZS,34.24184922,34.85264227,33.15715832,32.65229878,33.3886395,32.8906751,32.73107655,30.95166084,32.87803185,29.52254633,30.02870206,31.07668474,30.40809331,28.8486435,29.8708005,29.55230936,27.89744938,29.59011083,34.23131505,32.98158081,29.38307719,34.26667589,34.12325654
Europe & Central Asia,ECS,Exports of goods and services (% of GDP),NE.EXP.GNFS.ZS,34.47861711,34.51827739,33.6826982,33.05292036,34.36016226,35.61486821,37.50359879,37.7722966,38.82244879,34.91964439,38.08941723,40.48051777,41.05615579,40.92695831,41.23917166,42.05177024,42.06179258,43.6293758,45.07197757,44.8921338,42.19873124,45.7506469,49.92787007
Ecuador,ECU,Exports of goods and services (% of GDP),NE.EXP.GNFS.ZS,32.12753529,23.22274709,21.49237389,22.59840005,24.5543486,27.6181741,30.33307477,31.93176797,34.16363955,25.24910794,27.89495597,31.1211998,30.16480927,28.6382883,28.05185415,21.25822138,19.50479127,20.83281789,22.60468399,23.0483673,21.8579266,26.18836454,29.17187993
"Egypt, Arab Rep.",EGY,Exports of goods and services (% of GDP),NE.EXP.GNFS.ZS,16.20111732,17.47978812,18.31617841,21.79640719,28.22996085,30.34354689,29.94981383,30.24973147,33.04299274,24.95682211,21.34924581,20.56742761,16.39696662,17.01784562,14.24413146,13.18384549,10.34546394,15.01408682,17.98465561,16.64403145,12.47277574,10.56115022,15.08702582
Euro area,EMU,Exports of goods and services (% of GDP),NE.EXP.GNFS.ZS,35.11924943,35.14453631,34.53088768,33.6213526,35.15106732,36.51684956,38.5498473,39.67526088,40.02294265,35.12870333,39.15138791,42.01957459,43.69257374,43.8725923,44.50238733,46.00712716,45.52182166,47.20192994,48.05498071,48.1558094,45.27785744,49.29404255,54.73821587
Eritrea,ERI,Exports of goods and services (% of GDP),NE.EXP.GNFS.ZS,9.670620594,10.80704036,11.78118084,6.442327834,5.775398982,6.16571332,6.899509392,5.771852584,4.428756649,4.528623859,6.378376598,18.15483726,,,,,,,,,,,
Spain,ESP,Exports of goods and services (% of GDP),NE.EXP.GNFS.ZS,28.56335793,27.86161916,26.55399492,25.62890612,25.41198482,24.97926904,25.2413025,25.98473881,25.62392917,23.06169417,25.95167935,29.5349622,31.45511995,32.95195248,33.46797623,33.61086067,33.8624576,35.13056434,35.14506267,34.90690181,30.79994526,34.93348757,41.55132815
Estonia,EST,Exports of goods and services (% of GDP),NE.EXP.GNFS.ZS,61.62739432,61.25196416,57.95587901,57.1622883,61.07933564,65.43502006,63.26676459,62.59857277,66.39225243,60.8643762,75.04931619,86.60379142,86.20779227,84.5681702,81.86543288,77.43549844,77.00753774,75.8098541,74.32389785,73.88468641,69.27386299,78.29665167,85.50182238
Ethiopia,ETH,Exports of goods and services (% of GDP),NE.EXP.GNFS.ZS,,,,,,,,,,,,16.6868532,13.7672982,12.48407356,11.64161991,9.363313597,7.812080503,7.629368622,8.372675866,7.939976609,7.127200943,7.631701645,8.245048589
European Union,EUU,Exports of goods and services (% of GDP),NE.EXP.GNFS.ZS,35.69360041,35.70231049,35.10279926,34.3463994,35.9871563,37.44445923,39.6295461,40.71886127,41.10178137,36.27496227,40.31876332,43.19392629,44.7801044,44.96679435,45.66591099,47.05179495,46.64370203,48.28854789,49.12349316,49.28146379,46.3856055,50.39881236,55.90991121
Fragile and conflict affected situations,FCS,Exports of goods and services (% of GDP),NE.EXP.GNFS.ZS,36.60693936,31.39125405,33.83440307,34.18166266,36.43318897,36.68260442,37.66397501,34.40036867,36.38091481,26.7055699,32.32053298,32.99827354,32.50633721,27.08061891,23.6533814,19.65385636,17.68388066,21.40372602,25.68057241,24.18233768,19.77649433,24.42253641,
Finland,FIN,Exports of goods and services (% of GDP),NE.EXP.GNFS.ZS,42.03104616,39.76408441,39.13500263,37.32083902,38.61537686,40.27336705,43.07420025,43.8259066,44.90000772,36.08092568,38.41439756,38.90039293,38.80827907,38.01762912,36.48143762,35.40695887,34.81045247,37.54954684,38.46878721,39.8806794,35.78756333,39.55162534,44.89142377
Fiji,FJI,Exports of goods and services (% of GDP),NE.EXP.GNFS.ZS,65.38644571,60.95427964,61.80035917,60.27010914,54.20084805,54.06746032,50.0816794,48.60204776,57.12477872,49.43641173,57.43440206,59.28059298,61.1111437,56.87342832,52.33427559,48.83675558,46.64724139,46.01556504,47.74879577,48.13127781,27.5196049,27.30659828,45.57013114
France,FRA,Exports of goods and services (% of GDP),NE.EXP.GNFS.ZS,28.59497425,28.2658952,27.53105026,26.11196897,26.46883632,27.03305104,27.93505509,27.85325751,28.11938486,24.83554721,26.78829984,28.42133748,29.20302719,29.36473787,29.6666845,30.59262238,30.24753718,30.94863319,31.71366721,31.59205541,27.45022764,29.44875183,34.01277399
Faroe Islands,FRO,Exports of goods and services (% of GDP),NE.EXP.GNFS.ZS,51.33555927,51.5631634,49.06372622,46.77339478,43.70088646,42.04491614,41.79952828,42.13022956,45.97477489,43.65865349,46.72339906,52.43447363,52.55947936,55.44296257,53.41428816,53.21649246,54.53633397,56.36479138,52.81800664,55.61266993,47.76575873,52.68790964,
"Micronesia, Fed. Sts.",FSM,Exports of goods and services (% of GDP),NE.EXP.GNFS.ZS,17.97109638,19.24132748,18.08284113,18.76488441,15.52806407,16.71599105,18.08150842,22.48094921,23.32066985,21.87205433,23.69035115,24.71426424,29.88778871,30.39742206,31.82842674,27.06500271,27.65420513,29.96096183,35.47473045,31.48058252,23.75,23.83492864,29.99338887
Gabon,GAB,Exports of goods and services (% of GDP),NE.EXP.GNFS.ZS,69.03217671,54.27523248,52.60889969,51.9294345,55.03915528,60.00867276,60.57181652,58.52860459,62.19971201,52.17173218,57.66349238,61.74437213,60.95034144,57.35740588,44.52089239,46.0320085,44.03534729,50.22675397,54.29907649,51.43107323,47.50476214,55.5421785,61.38385113
United Kingdom,GBR,Exports of goods and services (% of GDP),NE.EXP.GNFS.ZS,25.61874343,25.52205797,24.44341867,23.97070673,23.97976455,25.17727735,27.43236353,25.41920258,27.30851545,26.62921537,28.55962704,31.09263188,30.37453575,30.04921741,28.38996858,27.63032549,28.6504713,30.67244826,31.23490667,31.25760606,29.23718972,28.81996048,32.72264633
Georgia,GEO,Exports of goods and services (% of GDP),NE.EXP.GNFS.ZS,22.99446642,24.4613665,29.22927575,31.45572798,31.12893539,33.2590419,32.47086636,30.81829844,28.26331986,29.54520182,32.95450379,34.68779804,36.51629063,41.7219539,39.93445573,40.86223663,40.79975444,46.52761423,50.55852769,54.81849314,37.29149486,43.18690616,52.89819651
Ghana,GHA,Exports of goods and services (% of GDP),NE.EXP.GNFS.ZS,48.80225762,45.23301647,42.61625189,40.67904265,39.30332512,36.44921695,24.65619052,24.5250906,25.0294573,29.29186598,29.47671798,36.93660855,40.35921817,25.4407834,28.23190177,33.83170499,31.19323949,33.87687443,33.45489588,37.44959942,20.7210461,29.90761972,27.52554042
Gibraltar,GIB,Exports of goods and services (% of GDP),NE.EXP.GNFS.ZS,,,,,,,,,,,,,,,,,,,,,,,
Guinea,GIN,Exports of goods and services (% of GDP),NE.EXP.GNFS.ZS,24.52387304,28.57866275,26.47781058,25.95674335,24.62597518,34.78565309,23.82431116,23.55095814,21.64046458,22.51579108,30.34120398,32.60224123,33.1373916,26.47062065,26.68851014,21.49687039,29.37151131,44.66029845,40.20709553,35.04204934,46.67449886,42.98975094,43.67019256
"Gambia, The",GMB,Exports of goods and services (% of GDP),NE.EXP.GNFS.ZS,25.79867432,21.82079813,27.15738458,31.09378645,20.59478287,19.90329078,21.03471234,18.03295746,14.47520018,15.74610753,14.66781488,16.85940447,19.84168223,18.97916437,21.83689544,19.59633316,15.91151182,16.78945539,21.7264295,18.84139797,9.621791887,6.471859052,4.569657411
Guinea-Bissau,GNB,Exports of goods and services (% of GDP),NE.EXP.GNFS.ZS,21.75585741,21.19459929,17.83312057,18.67981089,18.45989158,16.14973055,12.84866626,20.19103563,19.8506086,18.84933774,14.90607945,25.6740075,15.47521335,18.2571916,20.20740014,27.54304392,26.5081143,27.77397262,25.27609497,20.28794966,14.38704388,,
Equatorial Guinea,GNQ,Exports of goods and services (% of GDP),NE.EXP.GNFS.ZS,,,,,,87.41738313,82.32565045,88.62129397,89.22435018,74.34220994,85.7584332,75.09531266,71.90499182,67.65331666,65.9632886,56.65847382,51.41282994,58.86310521,59.61453472,51.13074955,43.48673149,55.4732497,56.33777263
Greece,GRC,Exports of goods and services (% of GDP),NE.EXP.GNFS.ZS,23.71838095,22.78874392,20.11285473,18.54458287,20.70811469,21.31223061,21.17400899,22.52026973,23.36156903,18.98218682,21.79810215,25.48977484,28.74257947,30.20720698,32.48559818,32.12716124,31.28745626,35.03409423,38.9929061,40.10993262,31.98844917,40.87400305,48.73718212
Grenada,GRD,Exports of goods and services (% of GDP),NE.EXP.GNFS.ZS,,,,,,,,,,,,,,,,,,,,,,,
Greenland,GRL,Exports of goods and services (% of GDP),NE.EXP.GNFS.ZS,,,,37.79580469,39.28672827,41.06065933,37.80311573,36.20226499,36.97912988,30.73111747,34.05597386,37.99793229,37.51199021,37.70085215,38.47282302,37.57984513,40.76504771,40.69223375,44.4545789,41.0427005,35.95174701,35.43617497,
Guatemala,GTM,Exports of goods and services (% of GDP),NE.EXP.GNFS.ZS,20.1950344,28.66354829,26.7262768,26.18109972,27.41940971,25.45490151,25.33983343,25.9805176,25.12434592,24.36782648,26.22546433,27.06770578,25.26709264,21.9981554,21.74436292,19.82990769,18.75308929,18.4950463,18.16932653,17.61197615,16.34451305,17.71210446,19.01553956
Guam,GUM,Exports of goods and services (% of GDP),NE.EXP.GNFS.ZS,,,21.27283441,17.68002242,21.86611528,22.69166864,23.71401605,22.85649306,20.88879347,17.35708368,17.0943625,18.61958266,19.06932574,19.50361178,18.84135472,18.07208139,18.96288765,18.97555297,19.23712021,22.03895696,6.303092083,3.037726605,
Guyana,GUY,Exports of goods and services (% of GDP),NE.EXP.GNFS.ZS,96.07997321,92.87428334,92.30318542,89.67669196,95.56267318,84.62286857,,,,,,,,,,,,,,,,,
High income,HIC,Exports of goods and services (% of GDP),NE.EXP.GNFS.ZS,23.06556777,22.5257422,22.48124976,23.09344043,24.84275079,26.07393333,27.93897197,29.36846083,30.86356165,26.65446651,29.45602226,31.97329823,32.05300911,32.5788814,32.62668955,30.96630572,30.06222101,31.36434621,32.12685963,31.2770504,28.88354558,31.63072288,33.74802748
"Hong Kong SAR, China",HKG,Exports of goods and services (% of GDP),NE.EXP.GNFS.ZS,126.0314572,122.7696947,132.0767632,150.77598,167.7758972,177.4529167,185.185163,186.4124074,193.4151768,178.1350554,205.3225974,212.8524165,215.8495655,221.6100603,213.0904135,195.8976016,187.0051289,188.9023996,188.339507,177.6513152,176.3044824,204.0392353,193.8611009
Honduras,HND,Exports of goods and services (% of GDP),NE.EXP.GNFS.ZS,53.972183,51.38170023,52.73058205,54.0940275,58.42298345,59.00584172,56.05464205,53.50901154,51.32527669,39.53025082,45.7589062,51.25768668,50.90279882,47.94149032,47.56265473,45.16675746,42.71410478,43.09385484,41.45481656,39.91851267,35.09458908,38.46333505,41.11789364
Heavily indebted poor countries (HIPC),HPC,Exports of goods and services (% of GDP),NE.EXP.GNFS.ZS,20.49841086,20.81932052,21.56375843,21.89533035,23.86764497,24.5907966,25.12987299,25.47618339,26.25977351,22.53213118,25.41542156,26.96007739,26.56202754,24.99312934,24.49299683,21.45835578,19.78016473,21.26587446,23.8536339,23.35507439,19.564127,22.82022432,23.5579685
Croatia,HRV,Exports of goods and services (% of GDP),NE.EXP.GNFS.ZS,35.02451054,37.10901731,35.84980862,35.54302406,36.53040279,36.36933125,37.56033419,37.53376673,36.05052609,32.289909,35.65979038,38.22310255,38.93304839,39.75933299,42.68871122,45.67535453,46.86398889,49.11079147,49.39294496,50.59453845,41.48201452,51.27800613,60.64750311
Haiti,HTI,Exports of goods and services (% of GDP),NE.EXP.GNFS.ZS,7.357980431,7.02577509,6.284429451,9.272435534,8.375012726,8.607309246,9.021168066,8.443689324,8.791390072,8.916115818,8.570288158,10.08311416,9.655093657,10.51628576,10.97483562,11.76774698,11.60197094,11.00347034,10.78082259,10.55767343,7.003361319,7.137551003,7.238760115
Hungary,HUN,Exports of goods and services (% of GDP),NE.EXP.GNFS.ZS,66.85788978,64.87732081,58.13697358,56.34434816,59.56225892,62.51519476,73.78058836,77.81956482,79.18091868,74.22425347,81.10730424,86.07769684,85.87940096,85.41082251,87.12346676,87.52645093,86.40473829,85.91956406,83.75531586,81.52974061,78.70603335,80.25323803,90.3778374
IBRD only,IBD,Exports of goods and services (% of GDP),NE.EXP.GNFS.ZS,26.1317098,25.309393,27.14886631,28.7934054,31.02466829,32.0179056,32.87455301,31.98589982,32.11692026,26.5428094,27.95791029,28.48198984,27.92390091,27.2135968,26.3411404,24.79805627,23.69953451,24.24692137,25.31004129,24.43249936,23.55573722,25.91387531,27.1210361
IDA & IBRD total,IBT,Exports of goods and services (% of GDP),NE.EXP.GNFS.ZS,26.06037657,25.27969181,26.94620338,28.41575156,30.53954011,31.52710668,32.45066495,31.51758468,31.72114948,26.18867053,27.72646121,28.29884953,27.69552408,26.76268224,25.92332186,24.22079391,23.08962967,23.74650528,24.84994304,24.02573378,22.9713318,25.33962732,26.56422972
IDA total,IDA,Exports of goods and services (% of GDP),NE.EXP.GNFS.ZS,26.53913937,26.20667051,26.07995232,25.55461175,26.41958953,27.20340833,29.06981786,27.00308831,28.11598272,23.03960519,25.90814241,26.38322368,25.03331449,20.99315315,20.93298704,17.38383128,15.92761919,17.55863352,19.02834134,18.996234,15.71835209,17.49756417,19.25742201
IDA blend,IDB,Exports of goods and services (% of GDP),NE.EXP.GNFS.ZS,26.35720645,24.35050249,22.75346637,24.84260044,22.13471395,22.74131754,27.13248361,22.40709307,25.26607766,19.85146242,24.32399146,27.90572639,26.63753591,19.07778683,18.69108119,13.06218909,11.49651545,13.62971028,15.66732526,15.56093687,11.63060006,13.23359027,
Indonesia,IDN,Exports of goods and services (% of GDP),NE.EXP.GNFS.ZS,40.97730847,39.0321391,32.68762089,30.47765478,32.21669462,34.06726763,31.03471631,29.43571849,29.80828417,24.15911967,24.29903094,26.32735309,24.59437879,23.92357638,23.6659846,21.16017926,19.08899385,20.17730444,21.0027465,18.5915278,17.33116828,21.40812311,24.49244937
IDA only,IDX,Exports of goods and services (% of GDP),NE.EXP.GNFS.ZS,26.71369909,27.56973542,28.51574149,26.05611852,29.67637331,30.68147222,30.55849636,30.75128343,30.37108699,25.42469322,27.05809679,24.74535353,23.13366117,22.63340617,22.9240019,21.19371298,19.37102925,20.26309278,21.58337314,21.53107386,18.50551606,20.41109659,21.98883442
Isle of Man,IMN,Exports of goods and services (% of GDP),NE.EXP.GNFS.ZS,,,,,,,,,,,,,,,,,,,,,,,
India,IND,Exports of goods and services (% of GDP),NE.EXP.GNFS.ZS,12.99723631,12.55837963,14.26438392,14.94791386,17.85912496,19.60524669,21.26794142,20.79969975,24.09735726,20.40051937,22.40093325,24.54041132,24.53443066,25.4308613,22.96796301,19.81318916,19.15823491,18.79176484,19.9278286,18.6642649,18.70524736,21.5143886,22.44943776
Not classified,INX,Exports of goods and services (% of GDP),NE.EXP.GNFS.ZS,,,,,,,,,,,,,,,,,,,,,,,
Ireland,IRL,Exports of goods and services (% of GDP),NE.EXP.GNFS.ZS,94.38945778,95.22438247,90.44947711,80.8405916,80.47558008,79.52769639,79.03467626,80.83679518,84.33328243,93.55616889,103.2429349,103.2562025,104.4167329,104.0085182,110.1216357,122.09624,121.6955686,121.0168834,122.7847151,127.8796462,133.3372023,134.4147927,136.9510937
"Iran, Islamic Rep.",IRN,Exports of goods and services (% of GDP),NE.EXP.GNFS.ZS,21.46705757,19.30332036,24.41390215,24.62747283,25.26692826,30.33081919,29.86903525,28.84361241,26.57712745,22.71148914,24.39965328,24.93331313,22.4753002,25.18290674,22.83067239,18.72083451,21.161708,22.73568826,30.21775173,23.48386714,19.42460893,22.83923199,19.79617059
Iraq,IRQ,Exports of goods and services (% of GDP),NE.EXP.GNFS.ZS,75.70377422,65.27339139,70.57005152,77.39271821,56.27090853,54.34787058,51.03194341,45.89983917,50.32830722,39.40011026,39.41682921,44.41752304,44.50843536,39.66353654,38.94172645,34.51414644,28.10852368,33.91606341,40.80264203,38.0518682,27.7502773,37.68111,
Iceland,ISL,Exports of goods and services (% of GDP),NE.EXP.GNFS.ZS,32.12990635,36.94081098,35.5152001,32.62214303,32.40997895,30.3583868,30.40556197,32.84010136,40.3004024,48.71980508,51.74623384,54.54553626,54.92605472,53.24775151,51.51909795,51.65172145,47.48403629,45.73224001,46.04676239,43.67285266,33.23015475,37.37103987,46.31433235
Israel,ISR,Exports of goods and services (% of GDP),NE.EXP.GNFS.ZS,34.60434617,30.40029765,31.85183258,33.48975885,37.86376756,39.51148435,39.63330767,39.3715408,37.76899338,32.54196822,34.15857617,34.75932583,35.3135369,33.23677544,31.87348912,31.17124903,29.95495989,29.24225587,29.8939141,29.29847865,27.67568548,29.45899334,31.91082682
Italy,ITA,Exports of goods and services (% of GDP),NE.EXP.GNFS.ZS,25.6277321,25.64901167,24.40746734,23.30219291,24.00982842,24.60109238,26.17348843,27.36104225,26.86277469,22.39916173,25.07404985,26.87246347,28.37924284,28.63324308,29.10882819,29.71598237,29.32789075,30.73373332,31.3535542,31.60241973,29.43617352,32.69340172,37.14961436
Jamaica,JAM,Exports of goods and services (% of GDP),NE.EXP.GNFS.ZS,38.7900457,35.56415707,32.76195131,36.61346899,37.54402476,35.27323512,40.13152526,39.72869092,41.94330709,34.47959621,31.33526663,30.3686139,30.18371146,30.57588318,31.2546047,29.92166548,31.81343755,34.65706257,38.56384829,38.03608075,24.08513876,27.5344761,27.97065216
Jordan,JOR,Exports of goods and services (% of GDP),NE.EXP.GNFS.ZS,41.82739594,42.13429294,47.42125405,47.37227994,52.18949684,52.70458008,53.87432789,54.23491299,56.05049657,45.07547171,46.99714264,46.55057763,45.22598541,41.29560357,42.13390771,36.54443702,34.39521007,34.70653187,35.12775864,36.67104733,,,
Japan,JPN,Exports of goods and services (% of GDP),NE.EXP.GNFS.ZS,10.4634942,10.07679996,10.85544561,11.46580158,12.78626462,13.81589572,15.65737405,17.28912737,17.23554338,12.41956575,14.91850345,14.77446226,14.41477461,15.78415673,17.41865535,17.43675984,16.05796924,17.5914391,18.3149456,17.46352643,15.5494225,18.20157767,
Kazakhstan,KAZ,Exports of goods and services (% of GDP),NE.EXP.GNFS.ZS,56.6024268,45.89501861,46.99064076,48.41702209,52.50041043,53.19435825,50.97529784,49.31282089,57.14638494,41.83842245,44.2441795,46.46466279,44.10966304,38.61703772,39.34175809,28.51670801,31.84388864,32.39775294,37.62521843,36.4389871,30.5289068,33.54685171,
Kenya,KEN,Exports of goods and services (% of GDP),NE.EXP.GNFS.ZS,21.58757114,22.93157636,24.89797261,24.08681531,26.61025858,28.50903021,22.98493964,21.91899129,22.67405755,18.77494549,20.12435965,21.54947707,19.86494772,17.79218055,16.47280447,15.1287339,13.2497448,12.73665994,12.54197533,11.42799666,9.640399923,10.77418122,12.21524288
Kyrgyz Republic,KGZ,Exports of goods and services (% of GDP),NE.EXP.GNFS.ZS,41.84786184,36.72457315,39.58135412,38.68112372,42.55591108,38.30555644,41.7206136,52.91297886,53.5489561,54.69834696,51.55432268,54.53847717,44.40420097,42.25015396,37.44865159,35.18960049,35.82540888,34.25284136,31.60173001,35.2341542,31.30703634,37.75711205,
Cambodia,KHM,Exports of goods and services (% of GDP),NE.EXP.GNFS.ZS,49.84623523,52.54124718,55.42213314,56.52047035,63.60589501,64.08470726,68.59324512,65.32596805,65.5432507,49.2207635,54.08278279,54.08075591,57.88976453,62.3879358,62.60347417,61.71842376,61.28152493,60.68195781,61.59572751,61.09129652,61.04181636,64.60246307,77.58178181
Kiribati,KIR,Exports of goods and services (% of GDP),NE.EXP.GNFS.ZS,11.83586207,15.67598361,19.41418432,17.62219818,12.18222584,14.33852222,10.39619651,16.07659124,14.70987386,14.9645913,12.32240925,14.28268025,13.93531239,11.9863338,13.54938466,15.70053786,19.22006035,15.6704065,10.75547529,18.55765873,12.96372093,11.55115512,
St. Kitts and Nevis,KNA,Exports of goods and services (% of GDP),NE.EXP.GNFS.ZS,,,,,,,,,,,,,,,,,,,,,,,
"Korea, Rep.",KOR,Exports of goods and services (% of GDP),NE.EXP.GNFS.ZS,33.93916896,31.78774105,29.77275441,31.39783726,36.75433645,35.2830828,35.62641862,37.39217969,47.64188521,45.18535191,47.10373691,53.3377319,54.09405134,51.29207111,47.83142087,42.98956153,40.13265091,40.93420694,41.71329084,39.27586107,36.35959055,42.03549524,48.25652274
Kuwait,KWT,Exports of goods and services (% of GDP),NE.EXP.GNFS.ZS,56.47217445,51.30841121,44.61604832,52.0915106,56.91711338,63.9760609,65.54573372,63.4150384,66.75954952,59.43363435,66.67331737,73.19837828,74.7316937,70.86153454,68.50614347,53.76624808,47.63172463,51.19631559,57.49549492,53.29343278,,,
Latin America & Caribbean (excluding high income),LAC,Exports of goods and services (% of GDP),NE.EXP.GNFS.ZS,17.79767785,17.9517045,20.17696421,21.37473425,22.35076516,21.7722803,21.76187615,20.9012263,20.73535971,18.08197743,18.48828489,19.34041153,19.73194935,19.25777689,18.98314741,20.08995886,20.44390361,20.3277636,22.72112788,22.99603832,23.47935967,26.19635591,27.05197899
Lao PDR,LAO,Exports of goods and services (% of GDP),NE.EXP.GNFS.ZS,30.6620036,27.87315887,28.75251466,23.50043316,24.91212256,28.96373572,38.15507752,33.61431308,33.15408047,30.08306968,35.38402604,40.3431561,37.87672835,38.1731034,40.75454665,33.95225731,33.20942746,,,,,,
Lebanon,LBN,Exports of goods and services (% of GDP),NE.EXP.GNFS.ZS,14.17755573,15.604916,16.09864228,16.73658134,35.05490455,36.62353871,35.58965751,37.141517,38.54565444,33.1957017,35.02312287,36.36309723,28.80921288,26.64675475,23.7561645,23.13966773,21.72615589,21.92693319,20.75452116,20.69775896,16.37258687,26.02562769,
Liberia,LBR,Exports of goods and services (% of GDP),NE.EXP.GNFS.ZS,,,,,,,,,,,,,,,,,,,,,,,
Libya,LBY,Exports of goods and services (% of GDP),NE.EXP.GNFS.ZS,31.55800429,26.54069767,44.76779948,57.31707317,63.75596089,63.71684315,71.83932727,73.4324779,74.11570653,63.23689154,66.27200717,38.1458964,66.86785685,59.88860758,32.238321,22.22737412,14.57788755,27.19725571,39.61350442,42.83511729,,,
St. Lucia,LCA,Exports of goods and services (% of GDP),NE.EXP.GNFS.ZS,,,,,,,,,,,,,,,,,,,,,,,
Latin America & Caribbean,LCN,Exports of goods and services (% of GDP),NE.EXP.GNFS.ZS,20.81927338,20.97289773,23.52474514,25.19957633,26.27214722,25.82307634,25.77424754,24.56686137,24.24153868,20.74502907,21.67438087,22.27763652,22.09787684,21.49141288,20.66041599,21.85138806,22.20769984,21.99291364,24.03599416,24.29677076,24.95858327,27.35093284,28.20348577
Least developed countries: UN classification,LDC,Exports of goods and services (% of GDP),NE.EXP.GNFS.ZS,18.86850631,18.86280132,19.27637079,19.35402825,21.63670763,25.24371267,27.57672422,29.51879839,31.48515916,24.48172133,26.40025273,27.57969535,26.1010509,25.45030335,24.70248405,20.05665578,17.49555726,18.58291076,21.17920173,20.68035914,18.55236548,20.23356598,21.67287415
Low income,LIC,Exports of goods and services (% of GDP),NE.EXP.GNFS.ZS,29.87097029,31.41905774,33.27286003,28.63391475,35.3197234,35.94882095,34.78099432,35.27879663,35.41425611,27.51376212,30.70754929,23.55096826,19.27891311,19.25875972,19.87641432,17.10475293,14.47706013,16.42558018,19.61906184,18.05771218,16.73622011,19.52044155,20.75121511
Liechtenstein,LIE,Exports of goods and services (% of GDP),NE.EXP.GNFS.ZS,,,,,,,,,,,,,,,,,,,,,,,
Sri Lanka,LKA,Exports of goods and services (% of GDP),NE.EXP.GNFS.ZS,39.01570089,37.33118848,34.9133302,34.65350283,35.33090273,32.33687299,30.12852709,29.11499969,24.8414871,21.32836624,,,,,,19.89338382,19.82403604,20.22420004,21.44624861,21.82353289,15.4327065,16.93312874,21.48418033
Lower middle income,LMC,Exports of goods and services (% of GDP),NE.EXP.GNFS.ZS,23.89159774,22.82613446,23.74662807,24.66575226,26.59041275,28.58956378,30.08576935,28.88139743,31.11816149,25.64347826,27.40845159,29.38062894,28.52151925,27.471842,26.02838866,22.66224571,21.91125939,23.36610938,25.1947956,24.2257021,22.39547323,24.86509445,26.21930396
Low & middle income,LMY,Exports of goods and services (% of GDP),NE.EXP.GNFS.ZS,25.75798896,25.01924364,26.58570154,27.95699517,30.09676644,31.12056925,32.00112242,31.08583341,31.37679776,25.79421309,27.15178397,27.67716366,27.14310967,26.15202854,25.38623472,23.58553365,22.35480031,22.98957923,24.08130931,23.23146252,22.11615578,24.43976061,25.62218649
Lesotho,LSO,Exports of goods and services (% of GDP),NE.EXP.GNFS.ZS,,,,,,,,51.80425823,51.99711559,43.9077692,41.13816137,46.93954268,40.98157129,37.20199772,37.06878115,41.61025394,44.32691421,46.02726305,48.80944981,44.9168728,41.84473956,45.54803187,
Late-demographic dividend,LTE,Exports of goods and services (% of GDP),NE.EXP.GNFS.ZS,31.73516117,31.59603689,32.93358527,35.62903346,38.15116453,38.93691059,39.47328683,38.10878254,37.15167193,31.02309656,32.25509122,32.49378762,31.9216823,31.07878268,30.50163127,29.40860267,28.07234448,28.37488245,28.80779236,28.11892028,27.61065915,29.63442781,30.75113167
Lithuania,LTU,Exports of goods and services (% of GDP),NE.EXP.GNFS.ZS,38.59393142,44.09702212,47.40378474,46.22098408,48.77135803,55.12967803,57.03745487,51.64121163,57.62132699,51.78930078,63.94235851,72.88100891,78.22662823,78.66857331,72.27042519,68.77764073,67.58738306,73.59516374,75.20540489,77.31170261,73.1624439,80.52886972,87.56112957
Luxembourg,LUX,Exports of goods and services (% of GDP),NE.EXP.GNFS.ZS,147.6448844,146.2009057,136.3617201,132.8480525,143.7343636,153.8244098,167.7403117,169.5767055,161.4947618,147.925083,162.7098571,169.4891234,171.2117881,176.3833309,182.7825924,191.835449,191.0986337,192.7475035,197.5013375,204.3208177,199.6190009,211.4334322,209.366433
Latvia,LVA,Exports of goods and services (% of GDP),NE.EXP.GNFS.ZS,36.78486829,38.00074341,36.53957448,36.04647531,38.91233475,42.96984105,39.74524039,38.26159157,39.25750458,42.21403486,53.25837932,59.77989095,61.44375311,60.39517324,61.15472821,60.27538277,59.60708239,61.58943936,61.45894175,59.81407914,59.89934325,63.67516992,70.3412088
"Macao SAR, China",MAC,Exports of goods and services (% of GDP),NE.EXP.GNFS.ZS,89.26226342,91.22514153,93.26409997,92.86135426,94.77056054,84.38638813,78.54538122,78.88258279,79.69449534,78.50988901,87.4228419,90.33875128,90.77257448,90.65573094,85.6413449,78.50673324,76.64148702,80.44308972,82.52991936,82.52261352,61.52980103,87.9199028,86.54812742
St. Martin (French part),MAF,Exports of goods and services (% of GDP),NE.EXP.GNFS.ZS,,,,,,,,,,,,,,,,,,,,,,,
Morocco,MAR,Exports of goods and services (% of GDP),NE.EXP.GNFS.ZS,24.19682789,25.39554536,25.94437981,24.67648658,25.34920551,27.99589963,29.6289668,31.42777381,32.47222341,25.71717754,29.78894868,31.95448427,32.09709614,30.25326564,30.13298664,29.99585389,30.73459514,32.60646099,33.82843737,34.09305747,30.79565679,32.93164216,43.52742261
Monaco,MCO,Exports of goods and services (% of GDP),NE.EXP.GNFS.ZS,,,,,,,,,,,,,,,,,,,,,,,
Moldova,MDA,Exports of goods and services (% of GDP),NE.EXP.GNFS.ZS,49.60011381,50.05504282,52.46389652,53.3131902,51.19391234,51.16358494,45.25633686,45.58047352,40.81874861,36.87212252,27.82961306,32.54045757,31.13285054,32.09261317,31.52796356,31.80692179,32.86649893,32.5328466,30.69636994,31.19108496,27.91433626,30.64878771,40.88232967
Madagascar,MDG,Exports of goods and services (% of GDP),NE.EXP.GNFS.ZS,19.11966845,20.07024942,21.81557441,13.69416282,19.45730646,24.31938611,27.48691378,27.79620714,27.7071994,20.37582984,21.87438052,22.71963868,21.7806921,23.27216608,28.28191197,28.39064613,29.09256944,30.90263088,31.53602365,28.42440124,20.14207488,22.77428988,31.07963524
Maldives,MDV,Exports of goods and services (% of GDP),NE.EXP.GNFS.ZS,,,,,,,,,,,,,,,91.2941274,78.35618236,71.97908201,72.30745119,70.11318519,69.4265505,49.42709183,75.2978411,
Middle East & North Africa,MEA,Exports of goods and services (% of GDP),NE.EXP.GNFS.ZS,39.14697829,35.65771313,37.65811157,39.71585613,44.23645984,48.74027112,49.94324695,49.4674015,51.30965467,41.4839131,43.93478721,47.78604741,48.57183186,48.50507231,45.41928099,38.64612584,36.10826774,39.47117735,43.19867163,41.21265911,35.48000293,,
Mexico,MEX,Exports of goods and services (% of GDP),NE.EXP.GNFS.ZS,25.40671694,22.66672117,22.55248987,24.36044069,25.84030395,26.23255038,27.32516189,27.52723589,27.70149583,27.15499933,29.69766477,31.03670714,32.26556776,31.30565295,31.87344131,34.52488584,37.04217108,37.65156846,39.25755173,38.82128516,39.49276867,41.10186896,43.35409346
Marshall Islands,MHL,Exports of goods and services (% of GDP),NE.EXP.GNFS.ZS,28.69633065,25.3630398,27.37649368,30.15293173,30.28113072,32.81587433,25.23706576,26.20844732,29.50501168,27.96250819,36.27429149,51.49186528,55.05593926,51.41420622,49.84255255,44.41218532,36.69039837,39.29658131,39.84702524,37.1875758,35.51892584,46.57004909,
Middle income,MIC,Exports of goods and services (% of GDP),NE.EXP.GNFS.ZS,25.75486326,24.96247921,26.52939617,28.03881972,30.08284151,31.11955091,32.04414255,31.09146293,31.38696234,25.8451012,27.15643126,27.77809257,27.28160308,26.27107324,25.49076477,23.70897078,22.49394004,23.11149289,24.15242486,23.31364733,22.20186307,24.51312459,25.70262304
North Macedonia,MKD,Exports of goods and services (% of GDP),NE.EXP.GNFS.ZS,32.94684009,29.19890805,26.30084964,27.65636747,30.70416616,34.80760066,37.7914825,44.11661379,43.22446914,32.80554336,39.78975339,47.12421314,45.374253,43.39647453,47.66285529,48.73799991,50.66384216,55.14571934,60.37513732,62.40805679,57.7714759,66.21476445,74.89457226
Mali,MLI,Exports of goods and services (% of GDP),NE.EXP.GNFS.ZS,22.47859046,26.31243707,28.08745381,25.76934039,23.67718471,22.98886934,28.4289451,24.15211115,25.14419,21.71331369,22.83717018,22.72617792,27.85634001,24.94054026,22.55548696,24.04370851,23.44291297,22.21409394,24.5223744,25.70529113,30.65663005,27.86714592,29.06253344
Malta,MLT,Exports of goods and services (% of GDP),NE.EXP.GNFS.ZS,120.2474844,108.6452743,113.4025185,107.5215093,103.1280547,103.5791231,123.4018138,129.2437352,148.4950048,147.0237715,150.9463306,160.5868931,163.1190169,155.9734653,149.8120236,154.6180239,157.801368,154.6655165,162.7963508,166.788242,178.3353279,169.6969796,168.0097369
Myanmar,MMR,Exports of goods and services (% of GDP),NE.EXP.GNFS.ZS,,,,,,,,,,,10.62367325,9.104749643,6.088150612,15.81813348,19.87613946,20.46392121,22.97516723,25.94272972,28.35971336,30.38975072,32.67492361,33.73715766,36.96428046
Middle East & North Africa (excluding high income),MNA,Exports of goods and services (% of GDP),NE.EXP.GNFS.ZS,31.82218187,29.10156379,32.0939615,31.5970827,35.25102324,38.81416271,39.2095223,38.48561039,39.17583464,30.31973697,31.8503957,30.36122531,29.86692909,29.59452309,26.36293087,22.16344161,20.62809296,24.55697659,29.6771353,26.9593446,21.04957371,25.20408859,27.73458599
Montenegro,MNE,Exports of goods and services (% of GDP),NE.EXP.GNFS.ZS,36.81499185,38.42345438,35.35611713,30.6112462,42.02204718,43.54912468,40.56154301,43.00301064,39.51974845,34.33086631,37.04440512,42.34884361,43.67248294,41.34236,40.1437048,42.11807213,40.60065571,41.0551905,42.87500027,43.84664144,25.99668555,42.83435544,52.68121284
Mongolia,MNG,Exports of goods and services (% of GDP),NE.EXP.GNFS.ZS,53.99675147,50.31834099,50.72661598,52.35204953,60.78777492,58.76938379,59.44326508,59.61444843,54.01703592,50.27799933,46.67898258,52.55355505,43.5721512,38.89023748,52.24899869,44.18405024,50.87219405,59.16667927,58.16478228,59.21723318,57.66034973,58.54886395,69.69104591
Northern Mariana Islands,MNP,Exports of goods and services (% of GDP),NE.EXP.GNFS.ZS,,,91.04361371,90.23405973,100.661157,95.8529689,83.73737374,66.84434968,51.97018104,39.24528302,41.92740926,43.48422497,50.80428954,52.07253886,52.52403846,52.96703297,71.70731707,69.29487179,50.73020753,42.33700254,14.91841492,,
Mozambique,MOZ,Exports of goods and services (% of GDP),NE.EXP.GNFS.ZS,11.19619802,18.44275521,21.28972556,22.43038175,25.69703699,27.09534884,27.18692151,27.43493282,26.51624002,27.11882212,28.44395451,30.09825026,28.8839773,26.74393599,31.28403958,31.07817138,33.54531717,38.57905103,44.87000288,32.26836151,29.32199748,31.38408041,
Mauritania,MRT,Exports of goods and services (% of GDP),NE.EXP.GNFS.ZS,25.51711571,25.53699508,24.7736084,19.12477218,23.26925757,26.75324705,42.36410333,40.5231618,41.60285048,37.2457483,45.73934811,50.1828097,48.26135521,45.54859921,37.38920072,30.19514476,33.92517064,34.50566335,36.5862504,41.57981956,40.66185298,39.45245355,46.46769212
Mauritius,MUS,Exports of goods and services (% of GDP),NE.EXP.GNFS.ZS,61.09421485,67.98701949,61.60835003,56.0072568,53.32313145,59.02447636,58.44393593,55.86749787,51.07052144,47.67716859,51.23767279,52.44414738,53.79216527,52.57106974,52.52465961,51.49785241,49.17407623,48.15516611,46.09626695,44.0717583,39.37418078,44.23953502,56.16258074
Malawi,MWI,Exports of goods and services (% of GDP),NE.EXP.GNFS.ZS,,,,,,,,,,,,,,,,,,,,,,,
Malaysia,MYS,Exports of goods and services (% of GDP),NE.EXP.GNFS.ZS,119.8097087,110.4024914,108.3053028,106.9434461,115.3733377,112.8989768,112.1854808,106.1682749,99.49957724,91.41679187,86.93029507,85.25544211,79.29991393,75.62904103,73.79349863,69.4486909,66.77544545,70.01174251,68.55497142,65.27776684,61.59923922,68.83892463,73.83633476
North America,NAC,Exports of goods and services (% of GDP),NE.EXP.GNFS.ZS,12.97759759,11.82743847,11.15617761,11.06565029,11.78907691,12.21380541,12.81306296,13.57504312,14.53082961,12.46972775,13.98885498,15.34161756,15.34595486,15.24597898,15.25484918,14.00019225,13.42990925,13.77178345,13.92067139,13.42908743,11.62618629,12.48614797,
Namibia,NAM,Exports of goods and services (% of GDP),NE.EXP.GNFS.ZS,40.73615056,41.05594303,46.16890007,43.42944408,39.79794021,40.40857634,45.36683355,49.85520103,53.65343563,51.56317481,48.28195448,45.53978192,40.05833801,37.50198492,39.01708521,35.37084841,35.00946742,33.62080463,35.88256521,36.40088244,33.67786893,31.85758494,37.63311303
New Caledonia,NCL,Exports of goods and services (% of GDP),NE.EXP.GNFS.ZS,22.78088061,18.70879545,18.0560437,20.61227232,21.99368754,21.46719586,23.89312844,27.38472479,18.55423316,15.40065663,20.19947492,20.09082458,17.75853651,15.72309737,18.58618109,18.06916629,19.26548639,21.00866525,,,,,
Niger,NER,Exports of goods and services (% of GDP),NE.EXP.GNFS.ZS,14.3397037,13.45581352,11.91880805,13.2742281,14.25856961,14.41141601,13.87044262,13.06653855,13.1805096,14.97785062,16.1844146,15.28955544,16.10057707,16.9790336,15.94586293,14.26836996,12.18333889,13.29437093,11.83526986,11.42173345,10.28550923,10.28391012,10.05391868
Nigeria,NGA,Exports of goods and services (% of GDP),NE.EXP.GNFS.ZS,36.02326561,28.25095823,23.2397194,26.75138108,20.25380338,21.03395529,29.51613188,21.23633657,25.67007222,18.63034142,25.6606113,31.61694021,31.54658773,18.04990659,18.43512606,10.66630962,9.218109698,13.1715621,15.49688918,14.22092679,8.118311954,10.7384551,
Nicaragua,NIC,Exports of goods and services (% of GDP),NE.EXP.GNFS.ZS,20.10816589,19.04191088,18.84713588,20.70499891,23.05985574,24.38213089,31.26693482,33.06389193,34.47041956,33.98146832,40.46660572,45.01692657,47.46948503,45.21432333,45.00766854,40.08363339,38.8818177,41.3388079,42.27728723,44.80450009,41.90516657,46.61141975,49.77792956
Netherlands,NLD,Exports of goods and services (% of GDP),NE.EXP.GNFS.ZS,66.0332694,63.2984077,60.14842249,59.28414032,62.67424417,65.63208522,68.18111834,68.77545747,69.79363348,62.23701352,69.80367248,75.50306831,79.50337384,79.88047779,80.57790815,82.65889671,79.53516476,83.39176802,84.68346368,82.5377127,78.2654765,83.06591698,92.63769329
Norway,NOR,Exports of goods and services (% of GDP),NE.EXP.GNFS.ZS,45.61277609,44.98515358,40.46888236,39.67230981,41.11014734,43.44205941,44.53732374,42.95755313,46.2181009,39.81014972,40.15032907,41.66126617,41.28706485,39.86130953,39.72767204,38.57518873,35.93817143,36.73226499,38.22102729,36.64092532,32.21033778,41.73738371,55.67352639
Nepal,NPL,Exports of goods and services (% of GDP),NE.EXP.GNFS.ZS,23.28400371,22.56077372,17.73712952,15.69986449,16.68269526,14.58368679,13.44659096,12.85566488,12.77582026,12.41935419,9.582536172,7.80613568,8.750291287,9.294658678,10.12404212,10.21458859,8.179578041,7.812188655,7.815641022,7.779936475,6.805289826,5.119171485,6.760617378
Nauru,NRU,Exports of goods and services (% of GDP),NE.EXP.GNFS.ZS,,,,,,,,,90.47619048,83.33333333,51.85185185,62.12121212,68.36734694,101.0869565,99.07407407,71.56862745,72.3880597,60,54.43786982,60.57142857,43.5483871,36.92307692,55.76923077
New Zealand,NZL,Exports of goods and services (% of GDP),NE.EXP.GNFS.ZS,35.74545849,35.43103984,32.8470717,29.8397254,29.54341061,28.28516543,29.60861375,29.27311395,32.07870923,28.73391077,30.27362768,30.39502406,28.85939059,28.81358116,27.98285738,27.95880003,26.64825949,27.58841316,27.87862757,27.3194681,21.74041703,22.15173582,
OECD members,OED,Exports of goods and services (% of GDP),NE.EXP.GNFS.ZS,20.9285897,20.52576851,20.42389432,20.92862034,22.43613032,23.31192228,24.90727435,26.22859406,27.42250888,23.7639834,25.90277318,27.95453885,27.84104656,28.24685052,28.48806361,27.34522681,26.71770802,27.88416123,28.67267511,28.01874074,25.87153037,28.19167187,30.38513809
Oman,OMN,Exports of goods and services (% of GDP),NE.EXP.GNFS.ZS,60.33995743,59.42821984,58.48593041,56.97957534,57.02761253,63.16428921,61.53163647,62.68214104,64.95275747,60.49726901,59.09438735,63.91646363,62.72274738,66.03046813,61.43961754,49.65123925,41.31893239,45.71525986,50.62130514,49.49201699,47.05595097,52.52660194,
Other small states,OSS,Exports of goods and services (% of GDP),NE.EXP.GNFS.ZS,67.16410185,65.13438253,62.78350193,60.84422702,61.14274543,62.12581855,62.59915862,62.18852634,65.05349801,57.34388636,63.68879172,71.72337297,74.19308181,72.80406374,69.3602704,62.42751159,57.3036863,59.94443462,62.18502994,60.59957465,57.86609938,66.8449798,
Pakistan,PAK,Exports of goods and services (% of GDP),NE.EXP.GNFS.ZS,12.11954679,13.33629528,13.77600345,15.16738101,14.244732,14.31034575,14.13396282,13.21461341,12.38231088,12.39575242,13.51626785,13.96666966,12.39666276,13.27715343,12.24258363,10.60441138,8.736717247,8.221612469,8.581799708,9.390863379,9.298559043,9.058204768,10.4679996
Panama,PAN,Exports of goods and services (% of GDP),NE.EXP.GNFS.ZS,62.01057776,62.13543892,57.63981211,54.34003298,57.76765137,64.50079291,66.17345563,71.45854287,78.08907215,69.81397058,70.04279401,78.23048068,75.19125791,65.16154641,55.35742187,47.68486166,41.97300186,41.8036992,,,,,
Peru,PER,Exports of goods and services (% of GDP),NE.EXP.GNFS.ZS,16.76837372,16.60137952,17.27480785,19.01466695,22.91223375,26.84876111,30.53663645,31.52211653,29.72763021,26.44205274,27.82616415,30.50275976,27.44961437,24.80829942,22.60697038,21.28732529,22.60031374,24.71987197,25.19218467,24.03908743,22.71112717,29.49320912,29.31772656
Philippines,PHL,Exports of goods and services (% of GDP),NE.EXP.GNFS.ZS,43.34421929,41.15550151,40.00567994,42.30501837,41.82684099,41.23003922,41.24545937,38.01418634,33.35683324,30.2195256,32.87482972,29.10542888,27.46707386,26.17741981,27.35450419,27.20805724,26.67300334,29.55229085,30.21360537,28.38292001,25.20283931,25.75203378,28.38510632
Palau,PLW,Exports of goods and services (% of GDP),NE.EXP.GNFS.ZS,,,,,,,,,,,,,,,,,,,,,,,
Papua New Guinea,PNG,Exports of goods and services (% of GDP),NE.EXP.GNFS.ZS,66.17835925,65.32996739,60.91581056,69.41796632,72.1640496,,,,,,,,,,,,,,,,,,
Poland,POL,Exports of goods and services (% of GDP),NE.EXP.GNFS.ZS,27.18832625,27.18732567,28.7131224,33.35044951,34.23546042,34.61157158,37.82095339,38.51628789,37.81486981,37.14225324,40.0913852,42.57386359,44.27827441,45.98092417,46.48878717,47.4503064,50.26831894,52.05568506,52.74802893,53.19533562,52.9909243,57.91067506,61.71827657
Pre-demographic dividend,PRE,Exports of goods and services (% of GDP),NE.EXP.GNFS.ZS,37.96464039,31.99778396,30.28947605,29.56990305,28.15751171,30.07985459,33.36172969,30.89862996,35.05642395,27.19109768,31.0418146,34.647114,33.93691315,27.08563713,26.13818254,19.19252462,17.23381807,20.65306596,24.79252302,22.97922762,17.69061702,22.1621653,
Puerto Rico,PRI,Exports of goods and services (% of GDP),NE.EXP.GNFS.ZS,62.34129312,67.76749643,65.86148401,73.73675953,68.57397147,67.3819014,68.88329753,67.03309926,68.2978194,63.08680965,62.67166626,64.05272656,57.452582,60.86998536,60.8216247,67.19493497,68.75816467,68.72372409,59.95388186,60.57888409,60.34796555,54.44805766,52.70604788
"Korea, Dem. People's Rep.",PRK,Exports of goods and services (% of GDP),NE.EXP.GNFS.ZS,,,,,,,,,,,,,,,,,,,,,,,
Portugal,PRT,Exports of goods and services (% of GDP),NE.EXP.GNFS.ZS,28.20462059,27.43732611,27.07336223,27.3671919,27.66705156,27.08416755,30.35740444,31.19418457,31.26107908,27.29374272,30.06930892,34.4548616,37.77801482,39.60650497,40.215968,40.61511545,40.21082364,42.7242664,43.44571903,43.50842185,37.04677424,41.63373844,50.04805095
Paraguay,PRY,Exports of goods and services (% of GDP),NE.EXP.GNFS.ZS,43.33092603,40.64258896,47.47507654,47.1446576,45.68782467,47.59359211,46.29308518,43.37492916,42.43836871,38.09725405,42.13984163,40.23885967,37.9955192,38.71366558,35.4644119,34.7346587,37.14323291,38.16928454,36.85322354,36.08729094,33.27062699,35.48709251,34.47833501
West Bank and Gaza,PSE,Exports of goods and services (% of GDP),NE.EXP.GNFS.ZS,20.51650593,15.38327047,13.43720119,12.98135081,12.96517564,14.11124334,13.76699138,18.33485221,15.93620048,14.0161025,14.12281155,16.08603535,15.32633269,15.61984388,15.82306983,16.06238012,14.3267945,15.72420635,15.96156445,15.52105524,15.35762344,17.34110111,18.54185089
Pacific island small states,PSS,Exports of goods and services (% of GDP),NE.EXP.GNFS.ZS,44.96095149,41.05222409,43.89130375,44.41458793,41.61700457,41.63129179,38.68724331,38.7870051,44.04641779,38.54317398,43.17466078,47.1792578,48.8812138,47.00908378,44.60586106,41.05949679,40.54342421,40.42664306,41.37357686,41.67436593,25.46664403,22.57533032,34.00380982
Post-demographic dividend,PST,Exports of goods and services (% of GDP),NE.EXP.GNFS.ZS,21.77028908,21.25229016,21.14844622,21.642982,23.25428086,24.27143927,25.96399588,27.35331215,28.71104405,24.72130998,27.26972544,29.54057837,29.49750814,30.02048511,30.13953118,28.66476904,27.8375769,29.05616848,29.74935319,28.87447103,26.43239484,28.87309389,30.7606926
French Polynesia,PYF,Exports of goods and services (% of GDP),NE.EXP.GNFS.ZS,4.698091498,,,,,,,,,,,,,,,,,19.55695843,20.97916875,20.12749491,11.14658171,,
Qatar,QAT,Exports of goods and services (% of GDP),NE.EXP.GNFS.ZS,67.2833586,65.89285714,60.34277283,61.69758239,64.16822495,65.08504482,62.81773017,60.27737186,61.36235262,51.13487609,62.3196826,72.61970914,76.47241908,72.71783502,67.99811813,57.06147777,47.71384149,52.88942263,55.94186317,52.18885993,49.11887826,58.91413046,
Romania,ROU,Exports of goods and services (% of GDP),NE.EXP.GNFS.ZS,21.58888431,22.10596347,24.01302936,24.21273505,25.74393627,24.53522061,24.7712265,24.71082905,26.15534462,26.02361223,31.67379278,35.26839853,35.75151943,40.24734529,41.47848541,41.34948374,42.4170514,42.33431895,41.54174729,40.20019466,36.87656458,40.64867984,42.5370705
Russian Federation,RUS,Exports of goods and services (% of GDP),NE.EXP.GNFS.ZS,44.06044131,36.8934936,35.21259406,35.24998177,34.41789105,35.20306596,33.73047544,30.16406048,31.30956033,27.9381012,29.21556079,28.05536148,26.90732034,25.84533683,27.11109705,28.70338944,25.85448298,26.09088098,30.7932568,28.43343068,25.52218551,29.89489634,28.1889032
Rwanda,RWA,Exports of goods and services (% of GDP),NE.EXP.GNFS.ZS,5.377399096,7.269231431,6.18092829,7.776838325,10.39367129,10.68816104,10.88364358,13.66819969,11.27287632,10.36756607,10.74288716,12.65889276,11.99424707,13.49238351,13.86853564,13.23162481,15.4217217,20.52838528,21.11106907,21.8309847,19.32871935,19.54396741,22.48374104
South Asia,SAS,Exports of goods and services (% of GDP),NE.EXP.GNFS.ZS,13.70870119,13.53252439,14.70617384,15.29983789,17.47209994,19.05681429,20.46478618,20.10347,22.4721165,19.46825278,21.24239131,23.14536277,22.9130766,23.62024428,21.53098376,18.61453876,17.5408595,17.19151604,18.06184644,17.31258478,16.77804032,19.1193725,20.27774295
Saudi Arabia,SAU,Exports of goods and services (% of GDP),NE.EXP.GNFS.ZS,43.40527432,39.63371193,40.9487917,45.85416578,50.98530553,57.05072712,59.83190789,59.93742956,62.11150937,47.08861707,49.56973031,55.60228213,53.84103814,51.4209008,46.24819722,32.56392543,30.15917594,33.56575135,37.19851333,34.08919081,24.90196934,32.98483414,39.91784443
Sudan,SDN,Exports of goods and services (% of GDP),NE.EXP.GNFS.ZS,15.98455706,9.560517862,11.40958295,12.25253412,14.30039194,14.45882184,15.0949253,16.90053412,20.26543163,14.55419799,17.47560635,12.47870603,6.856452637,9.506891168,7.608911123,6.422910929,5.004491007,6.112144258,7.650201985,8.452983418,5.125312695,2.249870428,1.571161626
Senegal,SEN,Exports of goods and services (% of GDP),NE.EXP.GNFS.ZS,17.7641496,17.7006801,19.61688005,18.21802668,19.10166288,19.80663757,19.25208464,20.55438823,20.84630126,19.39386655,19.98123883,21.30354889,22.47437442,22.34974231,21.77829674,22.6771945,21.5608581,21.93008315,22.94909148,24.9831342,20.70055286,24.59106307,25.25325576
Singapore,SGP,Exports of goods and services (% of GDP),NE.EXP.GNFS.ZS,188.3508903,182.8941807,184.0861181,202.5862064,213.9516954,225.1596677,228.0376171,212.7793937,228.9937709,190.844935,197.9989608,203.3277086,196.7196129,195.0777963,191.9535358,178.3846085,164.6720046,171.5646195,177.3504369,175.5944373,181.9886031,184.3024201,186.5525655
Solomon Islands,SLB,Exports of goods and services (% of GDP),NE.EXP.GNFS.ZS,27.09975856,17.53509332,21.51577018,22,24.87938565,27.30002402,27.06408346,32.1479588,34.73150457,29.15639255,35.15118045,50.15191586,49.90823583,45.93233155,42.33678162,40.30464515,39.99623352,40.39103648,42.12509474,36.50103112,27.94002902,26.18489094,25.78307269
Sierra Leone,SLE,Exports of goods and services (% of GDP),NE.EXP.GNFS.ZS,18.13484356,7.953645889,8.667715664,14.08523626,16.68166451,17.82618142,17.07366204,15.83702631,13.81452037,13.69445043,16.79409922,16.32368029,33.01483605,28.62675706,30.75989831,19.21088067,23.7019886,26.19237248,17.4673004,18.24693558,15.09106999,16.92814202,
El Salvador,SLV,Exports of goods and services (% of GDP),NE.EXP.GNFS.ZS,26.82727023,25.00929206,25.51308946,25.92342076,25.90621048,25.26656688,25.93967834,25.56703455,26.74058717,23.95120449,26.94666933,28.98177756,28.57106118,29.72489605,29.55287523,29.48617302,28.4585905,29.02976438,28.93437378,29.95590961,24.34416576,28.28369875,31.17792883
San Marino,SMR,Exports of goods and services (% of GDP),NE.EXP.GNFS.ZS,,,,,,,,,,,,,,,,174.452681,173.0681692,168.7786813,166.5974977,163.9972392,164.4786945,184.3142815,
Somalia,SOM,Exports of goods and services (% of GDP),NE.EXP.GNFS.ZS,,,,,,,,,,,,,,20.60301508,20.91542289,19.45641987,19.28080954,17.72151899,19.10860656,17.44024672,17.11463025,20.08390142,16.78183902
Serbia,SRB,Exports of goods and services (% of GDP),NE.EXP.GNFS.ZS,8.783037353,20.68742176,20.09419374,23.14600944,25.13660193,27.96497848,29.44194466,27.28982477,28.44314007,26.34777847,32.25561225,33.00182495,35.84480698,39.85150491,42.07752896,45.1772418,48.51709354,50.47152864,50.4345613,51.01092315,48.2190365,54.48331588,63.46958885
Sub-Saharan Africa (excluding high income),SSA,Exports of goods and services (% of GDP),NE.EXP.GNFS.ZS,29.20775835,28.21663355,27.9396502,27.07423619,26.07850869,27.49576173,30.52483691,29.70813321,33.04169474,25.90449938,29.25121185,32.16531665,31.24309727,26.31424745,25.73021662,20.60732467,19.70282602,21.64769436,23.98326947,22.72087664,19.06236549,22.86637258,23.43456874
South Sudan,SSD,Exports of goods and services (% of GDP),NE.EXP.GNFS.ZS,,,,,,,,,66.02706011,60.31431413,61.43448282,66.07612038,42.83205236,9.740757859,38.39161729,36.65134928,,,,,,,
Sub-Saharan Africa,SSF,Exports of goods and services (% of GDP),NE.EXP.GNFS.ZS,29.27994768,28.30931526,28.02527103,27.15901141,26.14057286,27.55600282,30.58429209,29.76353313,33.09183758,25.95993931,29.29306043,32.20762267,31.2888712,26.36420664,25.78390257,20.66680609,19.76987799,21.72090861,24.04969218,22.78511355,19.10286063,22.92574684,23.50618763
Small states,SST,Exports of goods and services (% of GDP),NE.EXP.GNFS.ZS,61.19015278,58.49342019,56.8599894,56.27508889,57.20630463,58.13269447,58.60900373,58.71752057,61.53858805,54.64907346,60.5318752,68.69009112,70.84586976,69.71781331,66.58069193,59.11511842,54.97901733,57.69174888,60.36878136,58.78394157,55.00379333,63.76848783,
Sao Tome and Principe,STP,Exports of goods and services (% of GDP),NE.EXP.GNFS.ZS,,,,,,,,,,,,,,,,,,,,,,,
Suriname,SUR,Exports of goods and services (% of GDP),NE.EXP.GNFS.ZS,,,,,,,52.74771024,54.12479841,56.90864096,44.1248355,52.54731927,,,,,,,,,,,,
Slovak Republic,SVK,Exports of goods and services (% of GDP),NE.EXP.GNFS.ZS,53.20546841,57.11818541,56.97049518,62.33434889,69.04632475,72.30189346,81.23985332,83.38086142,80.14799535,68.03611809,76.56147252,84.33828167,90.83140784,93.44200586,91.40007997,91.60047429,93.4660455,95.07432732,95.83585114,91.91010045,85.05805161,92.35386764,99.06442495
Slovenia,SVN,Exports of goods and services (% of GDP),NE.EXP.GNFS.ZS,50.13517655,51.74663422,52.32118747,51.0035945,55.05478843,59.81127078,64.87021542,67.89907159,66.31325282,57.26428852,64.2748226,70.24714581,72.89158893,74.21647517,76.15174214,77.14867826,77.59816683,83.12550558,84.7926764,83.69943798,77.74059766,83.62992095,90.38029238
Sweden,SWE,Exports of goods and services (% of GDP),NE.EXP.GNFS.ZS,43.25845846,42.92074508,41.24709045,40.32570497,42.69064241,45.01548062,47.487433,47.61026035,49.08692292,43.4539788,44.67885295,45.27119119,45.02752542,42.52680913,43.26616125,43.76676752,42.69147827,43.73472193,45.68306151,47.80921095,43.84730253,46.27716018,52.58635352
Eswatini,SWZ,Exports of goods and services (% of GDP),NE.EXP.GNFS.ZS,71.2690588,73.97273332,81.03780253,83.77254431,71.54074209,56.78393637,55.83963003,61.07406712,52.95107734,49.58773169,46.47295015,34.82774449,36.69302045,40.53496659,43.85441944,43.10686579,44.05903501,43.51310787,40.43183558,45.94483548,44.91652585,45.00247147,
Sint Maarten (Dutch part),SXM,Exports of goods and services (% of GDP),NE.EXP.GNFS.ZS,,,,,,,,,,,,109.9486751,113.2940443,121.3489896,100.5293854,97.4008025,92.49778957,78.27473043,67.48350613,,,,
Seychelles,SYC,Exports of goods and services (% of GDP),NE.EXP.GNFS.ZS,74.32246959,82.51376471,76.67930013,87.5283833,72.88170464,77.1075351,83.08103862,86.84372633,98.13541039,105.3667582,91.33890303,97.93012483,103.0025197,94.66039938,98.9597163,92.73968523,91.76100428,102.8498757,97.81784485,93.54586279,77.73559297,111.5196836,111.4565951
Syrian Arab Republic,SYR,Exports of goods and services (% of GDP),NE.EXP.GNFS.ZS,36.11615004,36.88655535,39.75351174,32.2077748,40.44902048,41.04237944,39.01143649,38.5943851,37.56206956,29.05940997,32.16678538,19.36932782,7.714617821,7.778017972,7.015779571,14.29110466,21.6800989,19.33967559,14.91702771,13.01006646,14.77681047,,
Turks and Caicos Islands,TCA,Exports of goods and services (% of GDP),NE.EXP.GNFS.ZS,,,,,,,,,,,,,,,,,,,,,,,
Chad,TCD,Exports of goods and services (% of GDP),NE.EXP.GNFS.ZS,16.89009643,14.66578754,12.6899406,24.63296691,51.00885806,47.97727419,47.58444122,44.50349386,42.69450541,35.13835288,36.8456059,38.87725693,38.46805422,33.56559167,34.16136289,30.00176089,26.29503676,33.87296248,36.19068245,36.74225344,26.71614905,38.75012725,51.18867502
East Asia & Pacific (IDA & IBRD countries),TEA,Exports of goods and services (% of GDP),NE.EXP.GNFS.ZS,33.24886084,30.96760604,31.77344829,34.65023829,38.32954577,40.52536149,41.61596929,40.37150056,37.55577185,29.32182206,31.23008364,30.77552108,29.35269359,28.32608568,27.33589939,25.01624951,23.4019326,23.82419852,23.34060061,22.45194338,21.93965403,23.44201561,24.71217452
Europe & Central Asia (IDA & IBRD countries),TEC,Exports of goods and services (% of GDP),NE.EXP.GNFS.ZS,32.37338451,32.73115425,31.9480847,32.4650297,33.24916094,32.82181438,33.14547424,31.75430961,33.23719874,30.45808111,31.50428736,32.71356054,32.1974855,31.21828349,32.46257828,32.71046672,31.97105373,33.56961017,37.57031423,36.5761798,33.67416046,38.38741248,38.60186009
Togo,TGO,Exports of goods and services (% of GDP),NE.EXP.GNFS.ZS,20.76460135,21.30860545,22.2770426,24.13891499,24.49609652,26.16638524,26.02850952,25.17127201,25.24648615,26.16189025,27.8444109,32.1104965,33.2656137,34.20066614,29.22631675,26.37853184,26.90671582,25.27023832,24.64439157,24.22512022,23.70186814,23.23951055,24.95119695
Thailand,THA,Exports of goods and services (% of GDP),NE.EXP.GNFS.ZS,64.84025074,63.25068976,60.6457526,61.52255163,65.97185734,68.4027169,68.67534203,68.87227517,71.41641811,64.43861249,66.48617316,70.85490938,68.95123563,67.17114107,68.39413516,67.63669027,67.07088397,66.67283247,64.8380969,59.51889062,51.49490337,58.63799289,65.7850237
Tajikistan,TJK,Exports of goods and services (% of GDP),NE.EXP.GNFS.ZS,86.75211283,68.14104064,62.80923177,63.93077666,58.74531805,54.24194488,58.1562259,45.85923589,34.01479641,24.47099886,14.93902562,16.44768565,17.27727988,11.08814366,9.17009119,9.80269843,13.20032926,14.92853961,14.37547847,14.97993927,17.32431457,24.18192989,
Turkmenistan,TKM,Exports of goods and services (% of GDP),NE.EXP.GNFS.ZS,55.23645415,41.49216475,35.41114058,32.60668294,29.69384991,30.68697161,35.116185,36.77777778,57.37416616,47.08302234,45.90441565,59.79715537,58.83274462,49.8393204,46.78017478,35.67546429,22.15051385,22.46839734,29.89998528,25.29995929,17.89998559,,
Latin America & the Caribbean (IDA & IBRD countries),TLA,Exports of goods and services (% of GDP),NE.EXP.GNFS.ZS,19.393349,19.22574684,21.76647439,23.0985459,24.44578162,24.09494293,24.2276988,23.1660633,22.85829325,19.46542791,20.57242529,21.22622081,21.32727487,20.67708097,19.85501588,20.91192364,21.27459069,21.17199887,23.50087306,23.76835971,24.57793521,27.28159429,28.22404735
Timor-Leste,TLS,Exports of goods and services (% of GDP),NE.EXP.GNFS.ZS,10.61429701,8.970464568,7.803594709,6.866071649,7.474556713,7.136225469,9.229050092,9.996952811,9.346859263,9.167026193,8.565425132,6.406548661,7.123840131,5.585424956,4.572509118,3.042338927,3.137004206,2.392637625,2.916724402,21.36460813,36.73801683,63.88773857,
Middle East & North Africa (IDA & IBRD countries),TMN,Exports of goods and services (% of GDP),NE.EXP.GNFS.ZS,31.91219171,29.2030209,32.22065722,31.72609439,35.40223819,38.97260988,39.35592086,38.58891344,39.29747415,30.41626521,31.95951696,30.45963769,29.96838759,29.71179786,26.45584949,22.22325961,20.694562,24.65449637,29.83846478,27.10018483,21.11384263,25.29559659,27.8463523
Tonga,TON,Exports of goods and services (% of GDP),NE.EXP.GNFS.ZS,14.26858942,13.04751354,18.25630923,19.38796468,19.56630928,17.84321094,14.56039543,12.21994939,15.95656203,13.62279757,12.50244313,16.23765568,17.07141257,20.35488648,16.97018185,16.96031829,21.67662335,22.15702742,21.41202884,21.97183292,20.59016815,12.52266429,
South Asia (IDA & IBRD),TSA,Exports of goods and services (% of GDP),NE.EXP.GNFS.ZS,13.70870119,13.53252439,14.70617384,15.29983789,17.47209994,19.05681429,20.46478618,20.10347,22.4721165,19.46825278,21.24239131,23.14536277,22.9130766,23.62024428,21.53098376,18.61453876,17.5408595,17.19151604,18.06184644,17.31258478,16.77804032,19.1193725,20.27774295
Sub-Saharan Africa (IDA & IBRD countries),TSS,Exports of goods and services (% of GDP),NE.EXP.GNFS.ZS,29.27994768,28.30931526,28.02527103,27.15901141,26.14057286,27.55600282,30.58429209,29.76353313,33.09183758,25.95993931,29.29306043,32.20762267,31.2888712,26.36420664,25.78390257,20.66680609,19.76987799,21.72090861,24.04969218,22.78511355,19.10286063,22.92574684,23.50618763
Trinidad and Tobago,TTO,Exports of goods and services (% of GDP),NE.EXP.GNFS.ZS,,,,,,,,,,,,,,,,,,,,,,,
Tunisia,TUN,Exports of goods and services (% of GDP),NE.EXP.GNFS.ZS,39.73003459,42.81682332,40.7848346,39.48356383,42.19807665,44.93229204,46.02851635,51.07822198,55.65282994,45.03981103,47.95972869,46.05465377,45.91284777,44.88964262,42.56623653,38.39983876,38.29529558,41.72078638,45.48574817,45.95033069,37.95010424,42.12557898,48.18885341
Turkiye,TUR,Exports of goods and services (% of GDP),NE.EXP.GNFS.ZS,19.8811989,27.18194188,25.10511902,23.0061779,23.62475321,21.87626756,22.39483394,21.88952569,23.56629093,23.37019915,21.19413332,22.99370125,24.36087552,23.79300951,25.2055417,24.53127734,23.08350913,26.03942234,31.15287808,32.52720158,28.73312698,35.30301422,37.89401434
Tuvalu,TUV,Exports of goods and services (% of GDP),NE.EXP.GNFS.ZS,,,,,,,,,,,,,,,,,,,,,,,
Tanzania,TZA,Exports of goods and services (% of GDP),NE.EXP.GNFS.ZS,10.80908776,13.8322828,14.2767316,15.08793375,16.04006684,16.98336706,18.41499145,19.83062559,19.46461135,18.19426583,19.60752874,21.63428233,22.37211168,19.0127876,18.06920928,17.10491155,16.34997506,15.66317952,14.73914339,16.03674615,13.50387385,14.12002233,15.42137599
Uganda,UGA,Exports of goods and services (% of GDP),NE.EXP.GNFS.ZS,10.65140929,11.51808264,11.21327917,11.38672483,12.69688075,14.17969998,15.27541338,16.72506853,24.28014234,18.61356631,13.82448287,12.85572394,15.49172877,16.51303567,14.94821091,12.87732531,12.42716442,16.66112942,15.08705306,17.10905802,15.41479854,15.78100817,12.00001816
Ukraine,UKR,Exports of goods and services (% of GDP),NE.EXP.GNFS.ZS,60.29705669,50.64898781,50.1187334,52.54313064,58.69683172,47.72973268,43.21862312,41.28991114,43.25986886,42.9288247,46.45653833,49.40615693,47.38283156,42.89738267,48.59296182,52.59767951,49.29861946,48.12491635,45.23523566,41.23169126,38.82164629,40.68834048,35.45661861
Upper middle income,UMC,Exports of goods and services (% of GDP),NE.EXP.GNFS.ZS,26.34443027,25.65233055,27.45769945,29.17962625,31.23877541,31.94356954,32.68176712,31.80324483,31.48714434,25.92956199,27.10628601,27.35517702,26.96070734,25.96892507,25.35856954,24.006971,22.6736732,23.04946377,23.87980399,23.07179346,22.15547124,24.42373299,25.59388203
Uruguay,URY,Exports of goods and services (% of GDP),NE.EXP.GNFS.ZS,16.69809895,16.80465927,20.62167248,27.43242014,32.1122956,30.40401982,30.2975044,29.09048725,30.20302397,27.09921575,26.34299454,26.42214942,25.91962942,23.35313642,23.54266161,22.47785125,26.9316811,25.93116122,26.5005732,27.810397,25.20863144,30.48206444,31.32223241
United States,USA,Exports of goods and services (% of GDP),NE.EXP.GNFS.ZS,10.69277691,9.703447499,9.131381514,9.035658683,9.628750081,9.982054732,10.64138647,11.46379016,12.42584736,10.93222062,12.34136081,13.56346715,13.6440494,13.57807437,13.54595934,12.46099316,11.93953873,12.26173812,12.36098922,11.87247011,10.20212574,10.89272668,
Uzbekistan,UZB,Exports of goods and services (% of GDP),NE.EXP.GNFS.ZS,24.66270426,29.67510608,30.92044509,38.23758635,41.78988663,37.80902948,36.51368764,39.67092941,41.1685228,34.66263094,24.2754046,23.66939409,19.26736572,18.62993168,16.04444803,13.76629135,12.33306571,20.74806549,26.84105393,28.29800251,24.17831559,23.67672298,27.26936116
St. Vincent and the Grenadines,VCT,Exports of goods and services (% of GDP),NE.EXP.GNFS.ZS,,,,,,,,,,,,,,,,,,,,,,,
"Venezuela, RB",VEN,Exports of goods and services (% of GDP),NE.EXP.GNFS.ZS,29.74421966,22.73563157,30.43357055,33.85338941,36.19835357,39.65865274,36.51862161,31.13053886,30.82166901,18.07151887,28.53040699,29.94301461,26.17101425,24.7649783,16.69382735,,,,,,,,
British Virgin Islands,VGB,Exports of goods and services (% of GDP),NE.EXP.GNFS.ZS,,,,,,,,,,,,,,,,,,,,,,,
Virgin Islands (U.S.),VIR,Exports of goods and services (% of GDP),NE.EXP.GNFS.ZS,,,147.4248927,189.3697357,226.5999473,262.6919603,283.8983051,295.5894649,433.8360038,255.1059272,299.3755782,340.3031021,80.16629983,67.54949171,78.37307153,41.63254163,47.02474987,63.33684765,53.13615502,55.0157882,38.5585157,,
Viet Nam,VNM,Exports of goods and services (% of GDP),NE.EXP.GNFS.ZS,53.92149701,55.06193328,54.73913369,56.67325792,59.73104141,63.69949267,67.71681433,70.5178746,70.33669194,62.60888407,54.17584876,61.18016114,63.47392901,66.80044018,69.59857056,72.92284781,74.10728551,81.76251628,84.42345759,85.15759031,84.38159482,93.29165167,
Vanuatu,VUT,Exports of goods and services (% of GDP),NE.EXP.GNFS.ZS,39.17897492,37.95624333,42.31116461,43.27651269,45.59958827,45.38333179,41.27255148,41.58758365,46.47779096,50.55566973,48.71838267,45.6062695,51.31066139,51.68219606,51.42723756,46.03361914,48.86609135,47.65989735,41.59687215,50.34527687,15.69823404,9.161432279,15.24024883
World,WLD,Exports of goods and services (% of GDP),NE.EXP.GNFS.ZS,23.57925585,22.98844507,23.24177387,23.99331338,25.86627565,27.16112758,28.89066224,29.80624998,31.00703165,26.37536412,28.74478441,30.56156274,30.35298227,30.28969886,29.97689762,28.30604819,27.30905796,28.27809478,29.16552182,28.28900139,26.38326755,28.88355772,30.60136439
Samoa,WSM,Exports of goods and services (% of GDP),NE.EXP.GNFS.ZS,,,34.17881145,31.09618055,29.06561219,28.53555498,29.61376977,29.21061506,27.86241523,27.9967668,27.71542749,28.39342206,27.93099721,28.10065362,27.59225867,27.14094673,28.77802032,29.66227547,31.9656782,35.03333014,29.19595987,11.68670117,12.27409774
Kosovo,XKX,Exports of goods and services (% of GDP),NE.EXP.GNFS.ZS,,,,,,,,,17.19069912,19.22776193,21.66916812,24.95204025,24.5219681,23.00385776,23.52688544,22.45139286,23.8274048,27.32884488,29.05346472,29.31260746,21.69514688,33.40918273,38.52457968
"Yemen, Rep.",YEM,Exports of goods and services (% of GDP),NE.EXP.GNFS.ZS,,,,,,,,,,,29.99507756,30.34042417,24.86371697,22.35959849,21.48408708,18.32180015,5.977268833,8.709109379,6.056570102,,,,
South Africa,ZAF,Exports of goods and services (% of GDP),NE.EXP.GNFS.ZS,24.40430331,26.35666063,28.43116722,23.91527336,22.75751879,23.59976449,26.09824988,27.95896439,32.25467367,24.98274649,25.78341763,27.69814847,27.13914919,28.37928032,29.0006193,27.71363841,28.15608817,27.34007578,27.56264021,27.29747128,27.60030279,31.1938143,33.44387141
Zambia,ZMB,Exports of goods and services (% of GDP),NE.EXP.GNFS.ZS,23.92386083,25.1096991,27.13367833,25.68396403,33.53998225,30.61071231,32.59295869,33.59119321,28.91935971,29.25099767,37.02593331,40.47122267,40.08291099,40.48271669,38.82228993,37.1385258,35.32467575,34.99285776,37.95740455,34.6361926,46.79016538,52.07838702,38.43195293
Zimbabwe,ZWE,Exports of goods and services (% of GDP),NE.EXP.GNFS.ZS,38.15975456,34.95891269,31.83479887,32.39705909,34.46979901,33.54864819,35.95616853,37.7853733,41.46684872,19.47749803,29.64089522,34.80080156,25.1632537,21.98775864,20.93014592,19.16017579,19.94353155,19.6589048,26.16397313,27.16345888,25.91701429,25.41144622,
